CZ,FLL,INT,MAR,MG,SK,SL
0,0,0,0,1,0,0
0,0,0,0,1,0,0
0,0,0,0,1,0,0
0,0,0,0,1,0,0
0,0,0,0,1,0,0
0,0,0,0,1,0,0
0,0,0,0,1,0,0
0,0,0,0,1,0,0
0,0,0,0,1,0,0
0,0,0,0,1,0,0
0,0,0,0,1,0,0
0,0,0,0,1,0,0
0,0,0,0,1,0,0
0,0,0,0,1,0,0
0,0,0,0,1,0,0
0,0,0,0,1,0,0
0,0,0,0,1,0,0
0,0,0,0,1,0,0
0,0,0,0,1,0,0
0,0,0,0,1,0,0
0,0,0,0,1,0,0
0,0,0,0,1,0,0
0,0,0,0,1,0,0
0,0,0,0,1,0,0
0,0,0,0,1,0,0
0,0,0,0,1,0,0
0,0,0,0,1,0,0
0,0,0,0,1,0,0
0,0,0,0,1,0,0
0,0,0,0,1,0,0
0,0,0,0,1,0,0
0,0,0,0,1,0,0
0,0,0,0,1,0,0
0,0,0,0,1,0,0
0,0,0,0,1,0,0
0,0,0,0,1,0,0
0,0,0,0,1,0,0
0,0,0,0,1,0,0
0,0,0,0,1,0,0
0,0,0,0,1,0,0
0,0,0,0,1,0,0
0,0,0,0,1,0,0
0,0,0,0,1,0,0
0,0,0,0,1,0,0
0,0,0,0,1,0,0
0,0,1,0,0,0,0
0,0,1,0,0,0,0
0,1,0,0,0,0,0
0,0,0,0,0,0,1
0,0,0,0,1,0,0
0,0,0,0,1,0,0
0,0,0,0,1,0,0
0,0,0,0,1,0,0
0,0,0,0,1,0,0
0,1,0,0,0,0,0
0,1,0,0,0,0,0
0,0,0,0,1,0,0
0,0,0,0,1,0,0
0,0,0,0,1,0,0
0,0,0,0,1,0,0
0,0,0,0,1,0,0
0,0,0,0,1,0,0
0,0,0,0,1,0,0
0,0,0,0,1,0,0
0,0,0,0,1,0,0
0,1,0,0,0,0,0
0,0,1,0,0,0,0
0,0,0,0,0,0,1
0,0,0,0,1,0,0
0,0,0,0,1,0,0
0,0,0,0,1,0,0
0,0,0,0,1,0,0
0,0,0,0,1,0,0
0,0,0,0,0,1,0
0,0,0,0,0,1,0
0,1,0,0,0,0,0
0,1,0,0,0,0,0
0,0,0,0,1,0,0
0,0,0,0,1,0,0
0,0,0,0,1,0,0
0,0,0,0,1,0,0
0,0,0,0,1,0,0
0,0,0,0,1,0,0
0,0,0,0,1,0,0
0,0,0,0,1,0,0
0,0,0,0,1,0,0
0,0,0,0,1,0,0
0,0,0,0,1,0,0
0,0,0,0,1,0,0
0,0,0,0,1,0,0
0,0,0,0,1,0,0
0,0,0,0,1,0,0
0,0,0,0,1,0,0
0,0,0,0,1,0,0
0,0,0,0,1,0,0
0,0,0,0,1,0,0
0,0,0,0,1,0,0
0,0,0,0,1,0,0
0,0,0,0,1,0,0
0,0,0,0,1,0,0
0,0,0,0,1,0,0
0,0,0,0,1,0,0
0,0,0,0,1,0,0
0,0,0,0,1,0,0
0,0,0,0,1,0,0
0,0,0,0,1,0,0
0,0,0,0,1,0,0
0,0,0,0,1,0,0
0,0,0,0,1,0,0
0,0,0,0,1,0,0
0,0,0,0,1,0,0
0,0,0,0,1,0,0
0,0,0,0,1,0,0
0,0,0,0,1,0,0
0,0,1,0,0,0,0
0,0,0,0,1,0,0
0,0,0,0,1,0,0
0,0,0,0,1,0,0
0,0,0,0,1,0,0
0,0,0,0,1,0,0
0,0,0,0,1,0,0
0,0,0,0,1,0,0
0,0,0,0,1,0,0
0,0,0,0,1,0,0
0,0,0,0,1,0,0
0,0,0,0,1,0,0
0,0,0,0,0,0,1
0,0,0,0,0,0,1
0,0,0,0,0,0,1
0,0,0,0,0,0,1
0,0,1,0,0,0,0
0,0,0,0,1,0,0
0,0,0,0,1,0,0
0,0,0,0,1,0,0
0,0,0,0,1,0,0
0,0,0,0,1,0,0
0,0,0,0,1,0,0
0,0,0,0,1,0,0
0,0,0,0,1,0,0
0,0,0,0,1,0,0
0,0,0,0,1,0,0
0,0,0,0,1,0,0
0,0,0,0,1,0,0
0,0,0,0,1,0,0
0,0,0,0,1,0,0
0,0,0,0,1,0,0
0,0,0,0,1,0,0
0,0,0,0,1,0,0
0,0,0,0,1,0,0
0,0,0,0,1,0,0
0,0,0,0,1,0,0
0,0,0,0,1,0,0
0,1,0,0,0,0,0
0,0,0,0,0,0,1
0,0,0,0,1,0,0
0,0,0,0,1,0,0
0,0,0,0,1,0,0
0,0,0,0,1,0,0
0,0,0,0,1,0,0
0,0,0,0,1,0,0
0,0,0,0,1,0,0
0,0,0,0,1,0,0
0,0,0,0,1,0,0
0,0,0,0,1,0,0
0,0,0,0,1,0,0
0,0,0,0,1,0,0
0,0,0,0,1,0,0
0,0,0,0,1,0,0
0,0,0,0,1,0,0
0,0,0,0,1,0,0
0,0,0,0,1,0,0
0,0,0,0,1,0,0
0,0,0,0,1,0,0
0,0,0,0,1,0,0
0,0,0,0,1,0,0
0,0,0,0,1,0,0
0,0,0,0,1,0,0
0,0,0,0,1,0,0
0,0,0,0,1,0,0
0,0,0,0,1,0,0
0,0,0,0,1,0,0
0,0,0,0,1,0,0
0,0,0,0,1,0,0
0,0,0,0,1,0,0
0,0,0,0,1,0,0
0,0,0,0,1,0,0
0,0,0,0,1,0,0
0,0,0,0,1,0,0
0,0,0,0,1,0,0
0,0,1,0,0,0,0
0,0,0,0,0,0,1
0,0,0,0,0,0,1
0,0,0,0,0,0,1
0,0,0,0,0,0,1
0,0,0,0,0,0,1
0,0,0,0,0,0,1
0,0,0,0,1,0,0
0,0,0,0,1,0,0
0,0,0,0,1,0,0
0,0,0,0,1,0,0
0,0,0,0,1,0,0
0,0,0,0,1,0,0
0,0,0,0,1,0,0
0,0,0,0,1,0,0
0,0,0,0,1,0,0
0,0,0,0,1,0,0
0,0,0,0,1,0,0
0,0,0,0,1,0,0
0,0,0,0,1,0,0
0,0,0,0,1,0,0
0,0,0,0,1,0,0
0,0,0,0,1,0,0
0,0,0,0,1,0,0
0,0,0,0,1,0,0
0,0,0,0,1,0,0
0,0,0,0,1,0,0
0,0,0,0,1,0,0
0,0,0,0,1,0,0
0,0,0,0,1,0,0
0,0,0,0,1,0,0
0,0,0,0,1,0,0
0,0,0,0,1,0,0
0,0,0,0,1,0,0
0,0,0,0,1,0,0
0,0,0,0,1,0,0
0,0,0,0,1,0,0
0,0,0,0,1,0,0
0,0,0,0,1,0,0
0,0,0,0,1,0,0
0,1,0,0,0,0,0
0,0,1,0,0,0,0
0,0,1,0,0,0,0
0,0,1,0,0,0,0
0,0,1,0,0,0,0
0,0,1,0,0,0,0
0,0,0,0,0,0,1
0,0,0,0,1,0,0
0,0,0,0,1,0,0
0,0,0,0,1,0,0
0,0,0,0,1,0,0
0,0,0,0,1,0,0
0,0,0,0,1,0,0
0,0,0,0,1,0,0
0,0,0,0,1,0,0
0,0,0,0,1,0,0
0,0,0,0,1,0,0
0,0,0,0,1,0,0
0,0,0,0,1,0,0
0,0,1,0,0,0,0
0,0,1,0,0,0,0
0,0,1,0,0,0,0
0,0,1,0,0,0,0
0,0,0,0,1,0,0
0,0,0,0,1,0,0
0,0,0,0,1,0,0
0,0,0,0,1,0,0
0,0,0,0,1,0,0
0,0,0,0,1,0,0
0,0,0,0,1,0,0
0,0,0,0,1,0,0
0,0,0,0,1,0,0
0,0,0,0,1,0,0
0,0,0,0,1,0,0
0,0,0,0,1,0,0
0,0,0,0,1,0,0
0,0,0,0,1,0,0
0,0,0,0,1,0,0
0,0,0,0,1,0,0
0,0,0,0,1,0,0
0,0,0,0,1,0,0
0,0,0,0,1,0,0
0,0,0,0,1,0,0
0,0,0,0,1,0,0
0,0,0,0,1,0,0
0,0,0,0,1,0,0
0,0,0,0,1,0,0
0,0,0,0,1,0,0
0,0,0,0,1,0,0
0,0,0,0,1,0,0
0,0,0,0,1,0,0
0,0,0,0,1,0,0
0,0,0,0,1,0,0
0,0,0,0,1,0,0
0,0,0,0,1,0,0
0,0,0,0,1,0,0
0,0,0,0,1,0,0
0,0,0,0,1,0,0
0,0,0,0,1,0,0
0,0,1,0,0,0,0
0,0,1,0,0,0,0
0,0,1,0,0,0,0
0,0,0,0,1,0,0
0,0,0,0,1,0,0
0,0,0,0,1,0,0
0,0,0,0,1,0,0
0,0,0,0,1,0,0
0,0,0,0,1,0,0
0,0,0,0,1,0,0
0,0,0,0,1,0,0
0,0,0,0,1,0,0
0,0,0,0,1,0,0
0,0,0,0,1,0,0
0,0,0,0,1,0,0
0,0,0,0,1,0,0
0,0,0,0,1,0,0
0,0,0,0,1,0,0
0,0,0,0,1,0,0
0,0,0,0,1,0,0
0,0,0,0,1,0,0
0,0,0,0,0,1,0
0,0,0,0,0,1,0
0,0,0,0,1,0,0
0,0,0,0,1,0,0
0,0,0,0,1,0,0
0,0,0,0,1,0,0
0,0,1,0,0,0,0
0,0,0,0,1,0,0
0,0,0,0,1,0,0
0,0,0,0,1,0,0
0,0,0,0,1,0,0
0,0,0,0,1,0,0
0,0,0,0,1,0,0
0,0,0,0,1,0,0
0,0,0,0,1,0,0
0,0,0,0,1,0,0
0,0,0,0,1,0,0
0,0,0,0,1,0,0
0,0,0,0,1,0,0
0,0,0,0,1,0,0
0,0,0,0,1,0,0
0,0,0,0,1,0,0
0,0,0,0,1,0,0
0,1,0,0,0,0,0
0,0,1,0,0,0,0
0,0,0,0,0,0,1
0,0,0,0,0,0,1
0,0,0,0,1,0,0
0,0,0,0,1,0,0
0,0,0,0,1,0,0
0,0,0,0,1,0,0
0,0,0,0,1,0,0
0,0,0,0,1,0,0
0,0,0,0,1,0,0
0,0,0,0,1,0,0
0,0,0,0,1,0,0
0,0,0,0,1,0,0
0,0,0,0,1,0,0
0,0,0,0,1,0,0
0,0,0,0,1,0,0
0,0,0,0,1,0,0
0,0,0,0,1,0,0
0,0,0,0,1,0,0
0,0,0,0,1,0,0
0,0,0,0,1,0,0
0,0,1,0,0,0,0
0,0,1,0,0,0,0
0,0,0,0,1,0,0
0,0,0,0,1,0,0
0,0,0,0,1,0,0
0,0,1,0,0,0,0
0,0,1,0,0,0,0
0,0,0,0,0,0,1
0,0,0,0,0,0,1
0,0,0,0,0,0,1
0,0,0,0,0,0,1
0,0,0,0,1,0,0
0,0,0,0,1,0,0
0,0,0,0,1,0,0
0,0,0,0,1,0,0
0,0,0,0,1,0,0
0,0,0,0,1,0,0
0,0,0,0,1,0,0
0,0,0,0,1,0,0
0,0,0,0,1,0,0
0,0,0,0,1,0,0
0,0,0,0,0,1,0
0,0,0,0,1,0,0
0,0,0,0,1,0,0
0,0,0,0,1,0,0
0,0,0,0,1,0,0
0,1,0,0,0,0,0
0,0,0,0,1,0,0
0,0,0,0,1,0,0
0,0,0,0,1,0,0
0,0,0,0,1,0,0
0,0,0,0,1,0,0
0,0,0,0,1,0,0
0,0,0,0,0,1,0
0,0,0,0,0,1,0
0,0,0,0,1,0,0
0,0,0,0,1,0,0
0,0,0,0,1,0,0
0,0,0,0,0,1,0
0,0,0,0,0,1,0
0,0,0,0,0,1,0
0,0,0,0,0,1,0
0,0,0,0,0,1,0
0,0,0,0,1,0,0
0,0,0,0,1,0,0
0,0,0,0,1,0,0
0,0,0,0,1,0,0
0,0,0,0,1,0,0
0,0,0,0,1,0,0
0,0,0,0,1,0,0
0,0,0,0,1,0,0
0,0,0,0,1,0,0
0,0,0,0,1,0,0
0,0,0,0,1,0,0
0,0,0,0,0,1,0
0,0,0,0,0,1,0
0,0,0,0,1,0,0
0,0,0,0,1,0,0
0,0,0,0,1,0,0
0,0,0,0,1,0,0
0,0,0,0,1,0,0
0,0,0,0,1,0,0
0,0,0,0,1,0,0
0,0,0,0,1,0,0
0,0,0,0,1,0,0
0,0,0,0,1,0,0
0,0,0,0,1,0,0
0,0,0,0,1,0,0
0,0,0,0,1,0,0
0,0,0,0,1,0,0
0,0,0,0,0,1,0
0,0,0,0,0,1,0
0,0,0,0,0,1,0
0,0,0,0,0,1,0
0,0,0,0,0,1,0
0,0,0,0,0,1,0
0,0,0,0,0,1,0
0,0,1,0,0,0,0
0,0,0,0,0,1,0
0,0,0,0,0,1,0
0,0,0,0,0,1,0
0,0,0,0,1,0,0
0,0,0,0,1,0,0
0,0,0,0,1,0,0
0,0,0,0,1,0,0
0,0,0,0,1,0,0
0,0,0,0,1,0,0
0,0,0,0,1,0,0
0,0,0,0,1,0,0
0,0,0,0,1,0,0
0,0,0,0,1,0,0
0,0,0,0,1,0,0
0,0,0,0,1,0,0
0,0,0,0,1,0,0
0,0,0,0,1,0,0
0,0,0,0,1,0,0
0,0,0,0,1,0,0
0,0,0,0,1,0,0
0,0,0,0,1,0,0
0,0,0,0,1,0,0
0,0,0,0,1,0,0
0,0,0,0,1,0,0
0,0,0,0,1,0,0
0,0,0,0,1,0,0
0,0,0,0,1,0,0
0,0,0,0,1,0,0
0,0,0,0,1,0,0
0,0,0,0,1,0,0
0,0,0,0,1,0,0
0,0,0,0,0,1,0
0,0,0,0,0,1,0
0,0,0,0,1,0,0
0,0,0,0,1,0,0
0,0,0,0,1,0,0
0,0,0,0,1,0,0
0,0,0,0,0,1,0
0,0,1,0,0,0,0
0,0,0,0,1,0,0
0,0,0,0,0,1,0
0,0,0,0,1,0,0
0,0,0,0,0,1,0
0,0,0,0,1,0,0
0,0,0,0,0,1,0
0,0,1,0,0,0,0
0,0,0,0,0,1,0
0,0,0,0,0,1,0
0,0,0,0,1,0,0
0,0,0,0,1,0,0
0,0,0,0,1,0,0
0,0,0,0,1,0,0
0,0,0,0,1,0,0
0,0,0,0,0,1,0
0,0,0,0,1,0,0
0,0,1,0,0,0,0
0,0,1,0,0,0,0
0,0,1,0,0,0,0
0,0,1,0,0,0,0
0,0,0,0,0,1,0
0,0,0,0,1,0,0
0,0,0,0,1,0,0
0,0,0,0,1,0,0
0,0,0,0,1,0,0
0,0,0,0,1,0,0
0,0,0,0,1,0,0
0,0,0,0,1,0,0
0,0,0,0,1,0,0
0,0,0,0,1,0,0
0,0,0,0,1,0,0
0,0,0,0,1,0,0
0,0,0,0,1,0,0
0,0,0,0,1,0,0
0,0,0,0,1,0,0
0,0,0,0,1,0,0
0,0,0,0,1,0,0
0,0,0,0,1,0,0
0,0,1,0,0,0,0
0,0,0,0,1,0,0
0,0,0,0,1,0,0
0,0,0,0,1,0,0
0,0,0,0,1,0,0
0,0,0,0,1,0,0
0,0,0,0,1,0,0
0,0,0,0,1,0,0
0,0,0,0,1,0,0
0,0,0,0,1,0,0
0,0,0,0,1,0,0
0,0,0,0,1,0,0
0,0,0,0,1,0,0
0,0,0,0,1,0,0
0,0,0,0,1,0,0
0,0,0,0,1,0,0
0,0,0,0,1,0,0
0,0,0,0,1,0,0
0,0,0,0,1,0,0
0,0,0,0,1,0,0
0,0,0,0,1,0,0
0,0,0,0,1,0,0
0,0,0,0,1,0,0
0,0,0,0,1,0,0
0,0,0,0,1,0,0
0,0,0,0,1,0,0
0,0,0,0,1,0,0
0,0,0,0,1,0,0
0,0,0,0,1,0,0
0,0,0,0,1,0,0
0,0,0,0,1,0,0
0,0,0,0,1,0,0
0,0,0,0,1,0,0
0,0,0,0,0,1,0
0,0,0,0,1,0,0
0,0,0,0,1,0,0
0,0,0,0,1,0,0
0,0,0,0,1,0,0
0,0,0,0,1,0,0
0,0,0,0,1,0,0
0,0,0,0,1,0,0
0,0,0,0,1,0,0
0,0,0,0,1,0,0
0,0,0,0,1,0,0
0,0,0,0,1,0,0
0,0,0,0,1,0,0
0,0,0,0,1,0,0
0,0,0,0,1,0,0
0,0,0,0,1,0,0
0,0,0,0,1,0,0
0,0,0,0,1,0,0
0,0,0,0,1,0,0
0,0,0,0,0,1,0
0,0,0,0,1,0,0
0,0,0,0,1,0,0
0,0,0,0,1,0,0
0,0,0,0,1,0,0
0,0,0,0,1,0,0
0,0,0,0,1,0,0
0,0,0,0,1,0,0
0,0,0,0,1,0,0
0,0,0,0,1,0,0
0,0,0,0,1,0,0
0,0,0,0,1,0,0
0,0,0,0,1,0,0
0,0,0,0,1,0,0
0,0,0,0,1,0,0
0,0,0,0,1,0,0
0,0,0,0,1,0,0
0,0,0,0,1,0,0
0,0,0,0,1,0,0
0,0,0,0,1,0,0
0,0,0,0,1,0,0
0,0,0,0,1,0,0
0,0,0,0,1,0,0
0,0,0,0,1,0,0
0,0,0,0,1,0,0
0,0,0,0,1,0,0
0,0,0,0,1,0,0
0,0,0,0,1,0,0
0,0,0,0,1,0,0
0,0,0,0,1,0,0
0,0,0,0,1,0,0
0,0,0,0,1,0,0
0,0,0,0,1,0,0
0,0,0,0,0,1,0
0,0,0,0,1,0,0
0,0,0,0,0,1,0
0,0,0,0,1,0,0
0,0,0,0,1,0,0
0,0,0,0,1,0,0
0,0,0,0,1,0,0
0,0,0,0,1,0,0
0,0,0,0,1,0,0
0,0,0,0,1,0,0
0,0,0,0,1,0,0
0,0,0,0,1,0,0
0,0,0,0,1,0,0
0,0,0,0,1,0,0
0,0,0,0,1,0,0
0,0,0,0,1,0,0
0,0,0,0,1,0,0
0,0,0,0,1,0,0
0,0,0,0,1,0,0
0,0,0,0,1,0,0
0,0,0,0,1,0,0
0,0,0,0,1,0,0
0,0,0,0,1,0,0
0,0,0,0,1,0,0
0,0,0,0,1,0,0
0,0,0,0,1,0,0
0,0,0,0,1,0,0
0,0,0,0,1,0,0
0,0,0,0,1,0,0
0,0,0,1,0,0,0
0,0,0,0,1,0,0
0,0,0,0,1,0,0
0,0,0,0,1,0,0
0,0,0,0,1,0,0
0,0,0,0,1,0,0
0,0,0,0,1,0,0
0,0,0,0,1,0,0
0,0,0,0,1,0,0
0,0,0,0,1,0,0
0,0,0,0,1,0,0
0,0,0,0,1,0,0
0,0,0,0,0,1,0
0,0,0,0,0,1,0
0,0,0,0,0,1,0
0,0,0,0,0,1,0
0,0,0,0,1,0,0
0,0,0,0,1,0,0
0,0,0,0,1,0,0
0,0,0,0,1,0,0
0,0,0,0,1,0,0
0,0,0,0,1,0,0
0,0,0,0,1,0,0
0,0,0,0,1,0,0
0,0,0,0,1,0,0
0,0,0,0,1,0,0
0,0,0,0,1,0,0
0,0,0,0,1,0,0
0,0,0,0,0,1,0
0,0,0,0,1,0,0
0,0,0,0,1,0,0
0,0,0,0,1,0,0
0,1,0,0,0,0,0
0,0,0,0,1,0,0
0,0,0,0,1,0,0
0,0,0,0,0,1,0
0,0,0,0,0,1,0
0,0,0,0,1,0,0
0,0,0,0,1,0,0
0,0,1,0,0,0,0
0,0,0,0,1,0,0
0,0,0,0,1,0,0
0,0,1,0,0,0,0
0,0,0,0,1,0,0
0,0,0,0,1,0,0
0,0,0,0,1,0,0
0,0,0,0,1,0,0
0,0,1,0,0,0,0
0,0,0,0,0,1,0
0,0,0,0,0,1,0
0,0,0,0,0,1,0
0,0,0,0,0,1,0
0,0,0,0,0,1,0
0,0,0,0,0,1,0
0,0,0,0,1,0,0
0,0,0,0,1,0,0
0,0,0,0,1,0,0
0,0,0,0,1,0,0
0,0,0,0,1,0,0
0,0,0,0,1,0,0
0,0,0,0,0,1,0
0,0,0,0,1,0,0
0,0,0,0,0,1,0
0,0,0,0,1,0,0
0,0,0,0,1,0,0
0,0,0,0,1,0,0
0,0,0,0,1,0,0
0,0,0,0,0,1,0
0,0,0,0,1,0,0
0,0,0,0,1,0,0
0,0,0,0,1,0,0
0,0,0,0,1,0,0
0,0,0,0,1,0,0
0,0,0,0,1,0,0
0,0,0,0,1,0,0
0,0,0,0,1,0,0
0,0,0,0,1,0,0
0,0,0,0,1,0,0
0,0,0,0,1,0,0
0,0,0,0,1,0,0
0,0,0,0,1,0,0
0,0,0,0,1,0,0
0,0,0,0,1,0,0
0,0,0,0,1,0,0
0,0,0,0,1,0,0
0,0,0,0,1,0,0
0,0,0,0,1,0,0
0,0,0,0,1,0,0
0,0,0,0,1,0,0
0,0,0,0,1,0,0
0,0,0,0,1,0,0
0,0,0,0,1,0,0
0,0,0,0,1,0,0
0,0,0,0,1,0,0
0,0,0,0,1,0,0
0,0,0,0,1,0,0
0,0,0,0,1,0,0
0,0,0,0,1,0,0
0,0,0,0,1,0,0
0,0,0,0,1,0,0
0,0,0,0,1,0,0
0,0,0,0,1,0,0
0,0,0,0,1,0,0
0,0,0,0,1,0,0
0,0,0,0,1,0,0
0,0,0,0,1,0,0
0,0,0,0,1,0,0
0,0,0,0,1,0,0
0,0,0,0,1,0,0
0,0,0,0,1,0,0
0,0,0,0,0,1,0
0,0,0,0,0,1,0
0,0,0,0,1,0,0
0,0,0,0,1,0,0
0,0,0,0,1,0,0
0,0,0,0,1,0,0
0,0,0,0,1,0,0
0,0,0,0,1,0,0
0,0,0,0,1,0,0
0,0,0,0,1,0,0
0,0,0,0,0,1,0
0,0,0,0,0,1,0
0,0,0,0,1,0,0
0,0,0,0,1,0,0
1,0,0,0,0,0,0
1,0,0,0,0,0,0
0,0,0,0,1,0,0
0,0,0,0,1,0,0
1,0,0,0,0,0,0
1,0,0,0,0,0,0
1,0,0,0,0,0,0
0,0,0,0,1,0,0
0,0,0,0,1,0,0
0,0,0,0,1,0,0
0,0,0,0,1,0,0
0,0,0,0,1,0,0
0,0,0,0,1,0,0
0,0,0,0,1,0,0
0,0,0,0,1,0,0
0,0,0,0,1,0,0
0,0,0,0,1,0,0
0,0,0,0,1,0,0
0,0,0,0,1,0,0
0,0,0,0,1,0,0
0,0,0,0,1,0,0
0,0,0,0,0,1,0
0,0,0,0,1,0,0
0,0,0,0,1,0,0
0,0,0,0,1,0,0
0,0,0,0,1,0,0
0,0,0,0,1,0,0
0,0,0,0,1,0,0
0,0,0,0,1,0,0
0,0,0,0,1,0,0
0,0,0,0,1,0,0
0,0,0,0,1,0,0
0,0,0,0,1,0,0
0,0,0,0,0,1,0
0,0,0,0,0,1,0
0,0,0,0,0,1,0
0,0,0,0,1,0,0
0,0,0,0,0,1,0
0,0,0,0,0,1,0
0,0,0,0,1,0,0
0,0,0,0,1,0,0
0,0,0,0,0,1,0
0,0,0,0,0,1,0
0,0,0,0,1,0,0
0,0,0,0,1,0,0
0,0,0,0,1,0,0
0,0,0,0,1,0,0
0,0,0,0,1,0,0
0,0,0,0,1,0,0
0,0,0,0,1,0,0
0,0,0,0,1,0,0
0,0,0,0,1,0,0
0,0,0,0,1,0,0
0,0,0,0,1,0,0
0,0,0,0,1,0,0
0,0,0,0,1,0,0
0,0,0,0,1,0,0
0,0,0,0,1,0,0
0,0,0,0,1,0,0
0,0,0,0,1,0,0
0,0,0,0,1,0,0
0,0,0,0,1,0,0
0,0,0,0,1,0,0
0,0,0,0,0,1,0
0,0,0,0,0,1,0
0,0,0,0,1,0,0
0,0,0,0,1,0,0
0,0,0,0,1,0,0
0,0,0,0,0,1,0
0,0,0,0,0,1,0
0,0,0,0,0,1,0
0,0,0,0,1,0,0
0,0,0,0,1,0,0
0,0,0,0,1,0,0
0,0,0,0,0,1,0
0,0,0,0,0,0,1
0,0,0,0,0,0,1
0,0,0,0,1,0,0
0,0,0,0,1,0,0
0,0,0,0,1,0,0
0,0,0,0,1,0,0
0,0,0,0,1,0,0
0,0,0,0,1,0,0
0,0,0,0,1,0,0
0,0,0,0,1,0,0
0,0,0,0,1,0,0
0,0,0,0,1,0,0
0,0,0,0,1,0,0
0,0,0,0,1,0,0
0,0,0,0,1,0,0
0,0,0,0,1,0,0
0,0,0,0,1,0,0
0,0,0,0,1,0,0
0,0,0,0,1,0,0
0,0,0,0,1,0,0
0,0,0,0,1,0,0
0,0,0,0,1,0,0
0,0,0,0,1,0,0
0,0,0,0,1,0,0
0,0,0,0,1,0,0
0,0,0,0,1,0,0
0,0,0,0,1,0,0
0,0,0,0,1,0,0
0,0,0,0,1,0,0
1,0,0,0,0,0,0
1,0,0,0,0,0,0
1,0,0,0,0,0,0
0,0,0,0,1,0,0
0,0,0,0,0,1,0
0,0,0,0,1,0,0
0,0,0,0,1,0,0
0,0,0,0,1,0,0
0,0,0,0,1,0,0
0,0,0,0,1,0,0
0,0,0,0,1,0,0
0,0,0,0,1,0,0
0,0,0,0,1,0,0
0,0,0,0,1,0,0
0,0,0,0,1,0,0
0,0,0,0,1,0,0
0,0,0,0,0,1,0
0,0,0,0,0,1,0
0,0,0,0,1,0,0
0,0,0,0,1,0,0
0,0,0,0,1,0,0
0,0,0,0,1,0,0
0,0,0,0,1,0,0
0,0,0,0,1,0,0
0,0,0,0,1,0,0
0,0,0,0,1,0,0
0,0,0,0,1,0,0
0,0,0,0,1,0,0
0,0,0,0,1,0,0
0,0,0,0,1,0,0
0,0,0,0,1,0,0
0,0,0,0,1,0,0
0,0,0,0,1,0,0
0,0,0,0,1,0,0
0,0,0,0,1,0,0
0,0,0,0,1,0,0
0,0,0,0,1,0,0
0,0,0,0,1,0,0
0,0,0,0,1,0,0
0,0,0,0,1,0,0
0,0,0,0,1,0,0
0,0,0,0,1,0,0
0,0,0,0,1,0,0
0,0,0,0,1,0,0
0,0,0,0,1,0,0
0,0,0,0,1,0,0
0,0,0,0,1,0,0
0,0,0,0,1,0,0
0,0,0,0,1,0,0
0,0,0,0,1,0,0
0,0,0,0,1,0,0
0,0,0,0,1,0,0
0,0,0,0,1,0,0
0,0,0,0,1,0,0
0,0,0,0,1,0,0
0,0,0,0,1,0,0
0,0,0,0,0,1,0
0,0,0,0,1,0,0
0,0,0,0,1,0,0
0,0,0,0,1,0,0
0,0,0,0,1,0,0
0,0,0,0,1,0,0
0,0,0,0,1,0,0
0,0,0,0,1,0,0
0,0,0,0,1,0,0
0,0,0,0,1,0,0
0,0,0,0,1,0,0
0,0,0,0,1,0,0
0,0,0,0,1,0,0
0,0,0,0,1,0,0
0,0,0,0,1,0,0
0,0,0,0,1,0,0
0,0,0,0,1,0,0
0,0,0,0,1,0,0
0,0,0,0,1,0,0
0,0,0,0,1,0,0
0,0,0,0,1,0,0
0,0,0,0,1,0,0
0,0,0,0,1,0,0
0,0,0,0,1,0,0
0,0,0,0,1,0,0
0,0,0,0,1,0,0
0,0,0,0,1,0,0
0,0,0,0,1,0,0
0,0,0,0,1,0,0
0,0,0,0,1,0,0
0,0,0,0,1,0,0
0,0,0,0,1,0,0
0,0,0,0,0,1,0
0,0,0,0,0,1,0
0,0,0,0,1,0,0
0,0,0,0,1,0,0
0,0,0,0,0,1,0
0,0,0,0,1,0,0
0,0,0,0,1,0,0
0,0,0,0,1,0,0
0,0,0,0,1,0,0
0,0,0,0,1,0,0
0,0,0,0,1,0,0
0,0,0,0,1,0,0
0,0,0,0,1,0,0
0,0,0,0,1,0,0
0,0,0,0,1,0,0
0,0,0,0,1,0,0
0,0,0,0,1,0,0
0,0,0,0,1,0,0
0,0,0,0,1,0,0
0,0,0,0,1,0,0
1,0,0,0,0,0,0
0,0,0,0,0,0,1
0,0,0,0,0,0,1
0,0,0,0,1,0,0
0,0,0,0,0,1,0
0,0,0,0,1,0,0
0,0,0,0,1,0,0
0,0,0,0,1,0,0
0,0,0,0,1,0,0
0,0,0,0,1,0,0
0,0,0,0,1,0,0
0,0,0,0,1,0,0
0,0,1,0,0,0,0
0,0,0,0,0,1,0
0,0,0,0,1,0,0
0,0,0,0,1,0,0
0,0,0,0,1,0,0
0,0,0,0,1,0,0
0,0,0,0,1,0,0
0,0,0,0,1,0,0
0,0,0,0,1,0,0
0,0,0,0,1,0,0
0,0,0,0,1,0,0
0,0,0,0,1,0,0
0,0,0,0,0,1,0
0,0,0,0,1,0,0
0,0,0,0,0,1,0
0,0,0,0,1,0,0
0,0,0,0,0,1,0
0,0,0,0,1,0,0
0,0,0,0,1,0,0
0,0,0,0,1,0,0
0,0,0,0,1,0,0
0,0,0,0,1,0,0
0,0,0,0,1,0,0
0,0,0,0,1,0,0
0,0,0,0,1,0,0
0,0,0,0,1,0,0
0,0,0,0,1,0,0
0,0,0,0,0,1,0
0,0,0,0,0,1,0
0,0,0,0,1,0,0
0,0,0,0,1,0,0
0,0,0,0,0,1,0
0,0,0,0,0,1,0
0,0,0,0,1,0,0
0,0,0,0,0,1,0
0,0,0,0,1,0,0
0,0,0,0,1,0,0
0,0,0,0,1,0,0
0,0,0,0,1,0,0
0,0,0,0,1,0,0
0,0,0,0,1,0,0
0,0,0,0,1,0,0
0,0,0,0,1,0,0
0,0,0,0,0,1,0
0,0,0,0,1,0,0
0,0,0,0,1,0,0
0,0,0,0,1,0,0
0,0,1,0,0,0,0
0,0,0,0,0,1,0
0,0,0,0,1,0,0
0,0,0,0,1,0,0
0,0,0,0,0,1,0
0,0,0,0,1,0,0
0,0,0,0,1,0,0
0,0,0,0,1,0,0
0,0,0,0,1,0,0
0,0,0,0,1,0,0
0,0,0,0,1,0,0
0,0,0,0,1,0,0
0,0,0,0,1,0,0
0,0,0,0,0,1,0
0,0,0,0,1,0,0
0,0,0,0,1,0,0
0,0,0,0,1,0,0
0,0,0,0,1,0,0
0,0,0,0,1,0,0
0,0,0,0,1,0,0
0,0,0,0,1,0,0
0,0,0,0,0,1,0
0,0,0,0,0,1,0
0,0,0,0,1,0,0
0,0,0,0,1,0,0
0,0,0,0,1,0,0
0,0,0,0,1,0,0
0,0,0,0,1,0,0
0,0,0,0,1,0,0
0,0,0,0,1,0,0
0,0,0,0,1,0,0
0,0,0,0,1,0,0
0,0,0,0,1,0,0
0,0,0,0,1,0,0
0,0,0,0,1,0,0
0,0,0,0,0,1,0
0,0,0,0,1,0,0
0,0,0,0,0,1,0
0,0,0,0,0,1,0
0,0,0,0,1,0,0
0,0,0,0,0,1,0
0,0,0,0,0,1,0
0,0,0,0,0,1,0
0,0,0,0,1,0,0
0,0,0,0,0,1,0
0,0,0,0,1,0,0
0,0,0,0,0,1,0
0,0,0,0,0,1,0
0,0,0,0,0,1,0
0,0,0,0,1,0,0
0,0,0,0,1,0,0
0,0,0,0,1,0,0
0,0,0,0,0,1,0
0,0,0,0,1,0,0
0,0,0,0,1,0,0
0,0,0,0,1,0,0
0,0,0,0,0,1,0
0,0,0,0,1,0,0
0,0,0,0,1,0,0
0,0,0,0,1,0,0
0,0,0,0,1,0,0
0,0,0,0,1,0,0
0,0,0,0,1,0,0
0,0,0,0,1,0,0
0,0,0,0,1,0,0
0,0,0,0,1,0,0
0,0,0,0,1,0,0
0,0,0,0,1,0,0
0,0,1,0,0,0,0
0,0,0,0,1,0,0
0,0,0,0,1,0,0
0,0,0,0,1,0,0
0,0,0,0,1,0,0
0,0,0,0,1,0,0
0,0,0,0,1,0,0
0,0,0,0,0,1,0
0,0,0,0,0,1,0
0,0,0,0,0,1,0
0,0,0,0,1,0,0
0,0,0,0,1,0,0
0,0,0,0,1,0,0
0,0,0,0,1,0,0
0,0,0,0,1,0,0
0,0,0,0,1,0,0
0,0,0,0,0,1,0
0,0,0,0,1,0,0
0,0,0,0,1,0,0
0,0,0,0,1,0,0
0,0,0,0,1,0,0
0,0,0,0,1,0,0
0,0,0,0,1,0,0
0,0,0,0,1,0,0
0,0,0,0,1,0,0
0,0,0,0,1,0,0
0,0,0,0,1,0,0
0,0,0,0,1,0,0
0,0,0,0,1,0,0
0,0,0,0,1,0,0
0,0,0,0,1,0,0
0,1,0,0,0,0,0
0,0,0,0,1,0,0
0,0,0,0,1,0,0
0,0,0,0,1,0,0
0,0,0,0,1,0,0
0,0,0,0,1,0,0
0,0,0,0,1,0,0
0,0,0,0,0,1,0
0,0,0,0,1,0,0
0,0,0,0,1,0,0
0,0,0,0,1,0,0
0,0,0,0,1,0,0
0,0,0,0,1,0,0
0,0,0,0,1,0,0
0,0,0,0,1,0,0
0,0,0,0,1,0,0
0,0,0,0,1,0,0
0,0,0,0,0,1,0
0,0,0,0,1,0,0
0,0,0,0,1,0,0
0,0,0,0,1,0,0
0,0,0,0,1,0,0
0,0,0,0,1,0,0
0,0,0,0,1,0,0
0,0,0,0,1,0,0
0,0,0,0,1,0,0
0,0,0,0,1,0,0
0,0,0,0,1,0,0
0,0,0,0,1,0,0
0,0,0,0,0,1,0
0,0,0,0,1,0,0
0,0,0,0,1,0,0
0,0,0,0,0,1,0
0,0,0,0,0,1,0
0,0,0,0,0,1,0
0,0,0,0,0,1,0
0,0,0,0,0,1,0
0,0,0,0,1,0,0
0,0,0,0,0,1,0
0,0,0,0,1,0,0
0,0,0,0,0,1,0
0,0,0,0,1,0,0
0,0,0,0,1,0,0
0,0,0,0,1,0,0
0,0,0,0,1,0,0
1,0,0,0,0,0,0
0,0,0,0,0,1,0
0,0,0,0,1,0,0
0,0,0,0,1,0,0
0,0,0,0,1,0,0
0,0,0,0,1,0,0
0,0,0,0,1,0,0
1,0,0,0,0,0,0
0,0,0,0,0,1,0
0,0,0,0,0,1,0
0,0,0,0,1,0,0
0,0,0,0,1,0,0
0,0,0,0,1,0,0
0,0,0,0,1,0,0
0,0,0,0,1,0,0
0,0,0,0,1,0,0
0,0,0,0,1,0,0
0,0,0,0,1,0,0
0,0,0,0,1,0,0
0,0,0,0,1,0,0
0,0,0,0,1,0,0
0,0,0,0,1,0,0
0,0,0,0,1,0,0
0,0,0,0,1,0,0
0,0,0,0,1,0,0
0,0,0,0,0,1,0
0,0,0,0,1,0,0
0,0,0,0,1,0,0
0,0,0,0,1,0,0
0,0,0,0,1,0,0
0,0,0,0,1,0,0
0,0,0,0,1,0,0
0,0,0,0,1,0,0
0,0,0,0,1,0,0
0,0,0,0,1,0,0
0,0,0,0,1,0,0
0,0,0,0,1,0,0
0,0,0,0,1,0,0
0,0,0,0,1,0,0
0,0,0,0,1,0,0
0,0,1,0,0,0,0
0,0,0,0,1,0,0
0,0,0,0,1,0,0
0,0,0,0,1,0,0
0,0,0,0,1,0,0
0,0,0,0,1,0,0
0,0,0,0,1,0,0
0,0,0,0,1,0,0
0,0,0,0,1,0,0
0,0,0,0,1,0,0
0,0,0,0,0,1,0
0,0,0,0,1,0,0
0,0,0,0,1,0,0
0,0,0,0,1,0,0
0,0,0,0,0,1,0
0,0,0,0,1,0,0
0,0,0,0,0,1,0
0,0,0,0,0,1,0
0,0,0,0,0,1,0
0,0,0,0,1,0,0
0,0,1,0,0,0,0
0,0,0,0,1,0,0
0,0,0,0,1,0,0
0,0,0,0,1,0,0
0,0,0,0,1,0,0
0,0,0,0,1,0,0
0,0,0,0,1,0,0
0,0,0,0,1,0,0
0,0,0,0,1,0,0
0,0,0,0,1,0,0
0,0,0,0,1,0,0
0,0,0,0,1,0,0
0,0,0,0,1,0,0
0,0,0,0,1,0,0
0,0,0,0,1,0,0
0,0,0,0,1,0,0
0,0,0,0,1,0,0
0,0,0,0,1,0,0
0,0,0,0,1,0,0
0,0,0,0,1,0,0
0,0,0,0,1,0,0
0,0,0,0,1,0,0
0,0,0,0,1,0,0
0,0,0,0,1,0,0
0,0,0,0,1,0,0
0,0,0,0,1,0,0
0,0,0,0,1,0,0
0,0,0,0,1,0,0
0,0,0,0,1,0,0
0,0,0,0,1,0,0
0,0,0,0,1,0,0
0,0,0,0,0,1,0
0,0,0,0,1,0,0
0,0,0,0,1,0,0
0,0,0,0,1,0,0
0,0,0,0,0,1,0
0,0,0,0,1,0,0
0,0,0,0,1,0,0
0,0,0,0,1,0,0
0,0,0,0,1,0,0
0,0,0,0,1,0,0
0,0,0,0,1,0,0
0,0,0,0,1,0,0
0,0,0,0,1,0,0
0,0,0,0,1,0,0
0,0,0,0,1,0,0
0,0,0,0,1,0,0
0,0,0,0,1,0,0
0,0,0,0,1,0,0
0,0,0,0,1,0,0
0,0,0,0,1,0,0
0,0,0,0,1,0,0
0,0,0,0,1,0,0
0,0,0,0,1,0,0
0,0,1,0,0,0,0
0,0,0,0,1,0,0
0,0,0,0,1,0,0
0,0,0,0,1,0,0
0,0,0,0,1,0,0
0,0,0,0,1,0,0
0,0,0,0,1,0,0
0,0,0,0,1,0,0
0,0,0,0,1,0,0
0,0,0,0,1,0,0
0,0,0,0,1,0,0
0,0,0,0,1,0,0
0,0,0,0,1,0,0
0,0,0,0,1,0,0
0,0,0,0,1,0,0
0,0,0,0,1,0,0
0,0,0,0,1,0,0
0,0,0,0,1,0,0
0,0,0,0,1,0,0
0,0,0,0,1,0,0
0,0,0,0,1,0,0
0,0,0,0,1,0,0
0,0,0,0,1,0,0
0,0,0,0,0,0,1
0,0,0,0,0,0,1
0,0,0,0,0,0,1
0,0,0,0,0,0,1
0,0,0,0,0,0,1
0,0,0,0,1,0,0
0,0,0,0,1,0,0
0,0,0,0,1,0,0
0,0,0,0,0,1,0
0,0,0,0,1,0,0
0,0,0,0,1,0,0
0,0,0,0,1,0,0
0,0,0,0,1,0,0
0,0,0,0,1,0,0
0,0,0,0,1,0,0
0,0,0,0,1,0,0
0,0,0,0,1,0,0
0,0,0,0,1,0,0
0,0,0,0,1,0,0
0,0,0,0,0,1,0
0,0,0,0,1,0,0
0,0,0,0,0,1,0
0,0,0,0,0,1,0
0,0,0,0,1,0,0
0,0,0,0,1,0,0
0,0,0,0,0,1,0
0,0,0,0,1,0,0
0,0,0,0,1,0,0
0,0,0,0,1,0,0
0,0,0,0,0,1,0
0,0,0,0,0,1,0
0,0,0,0,0,1,0
0,0,0,0,1,0,0
0,0,0,0,1,0,0
0,0,0,0,1,0,0
0,0,0,0,1,0,0
0,0,0,0,1,0,0
0,0,0,0,1,0,0
0,0,0,0,1,0,0
0,0,0,0,1,0,0
0,0,0,0,1,0,0
0,0,0,0,1,0,0
0,0,0,0,1,0,0
0,0,0,0,0,1,0
0,0,0,0,1,0,0
0,0,0,0,1,0,0
0,0,0,0,1,0,0
0,0,0,0,1,0,0
0,0,0,0,0,1,0
0,0,0,0,0,1,0
0,0,0,0,0,1,0
0,0,0,0,0,1,0
0,0,0,0,0,1,0
0,0,0,0,0,1,0
0,0,0,0,0,1,0
0,0,0,0,0,1,0
0,0,0,0,0,1,0
0,0,0,0,0,1,0
0,0,0,0,0,1,0
0,0,0,0,0,1,0
0,0,0,0,1,0,0
0,0,0,0,0,1,0
0,0,0,0,1,0,0
0,0,0,0,0,1,0
0,0,0,0,1,0,0
0,0,0,0,1,0,0
0,0,0,0,0,1,0
0,0,0,0,0,1,0
0,0,0,0,0,1,0
0,0,0,0,1,0,0
0,0,0,0,1,0,0
0,0,0,0,1,0,0
0,0,0,0,1,0,0
0,0,0,0,0,1,0
0,0,0,0,1,0,0
0,0,0,0,1,0,0
0,0,0,0,1,0,0
0,0,0,0,1,0,0
0,0,0,0,1,0,0
0,0,0,0,1,0,0
0,0,0,0,0,1,0
0,0,0,0,0,1,0
0,0,0,0,1,0,0
0,0,0,0,0,1,0
0,0,0,0,0,1,0
0,0,0,0,0,1,0
0,0,0,0,0,1,0
0,0,0,0,0,1,0
0,0,0,0,0,0,1
0,0,1,0,0,0,0
0,0,0,0,1,0,0
0,0,0,0,1,0,0
0,0,0,0,1,0,0
0,0,0,0,1,0,0
0,0,0,0,1,0,0
0,0,0,0,1,0,0
0,0,0,0,1,0,0
0,0,0,0,0,1,0
0,0,0,0,1,0,0
0,0,0,0,1,0,0
0,0,0,0,0,1,0
0,0,0,0,1,0,0
0,0,0,0,1,0,0
0,0,0,0,1,0,0
0,0,0,0,1,0,0
0,0,0,0,1,0,0
0,0,0,0,1,0,0
0,0,0,0,1,0,0
0,0,0,0,1,0,0
0,0,0,0,1,0,0
0,0,0,0,1,0,0
0,0,0,0,1,0,0
0,0,0,0,1,0,0
0,0,0,0,1,0,0
0,0,0,0,1,0,0
0,0,0,0,1,0,0
0,0,0,0,1,0,0
0,0,0,0,1,0,0
0,0,0,0,0,1,0
0,0,0,0,0,1,0
0,0,0,0,0,1,0
0,0,0,0,0,1,0
0,0,0,0,0,1,0
0,0,0,0,0,1,0
0,0,0,0,0,1,0
0,0,0,0,0,1,0
0,0,0,0,0,1,0
0,0,0,0,1,0,0
0,0,0,0,1,0,0
0,0,0,0,0,1,0
0,0,0,0,1,0,0
0,0,0,0,1,0,0
0,0,0,0,1,0,0
0,0,0,0,1,0,0
0,0,0,0,1,0,0
0,0,0,0,0,1,0
0,0,0,0,0,1,0
0,0,0,0,0,1,0
0,0,0,0,1,0,0
0,0,0,0,1,0,0
0,0,0,0,1,0,0
0,0,0,0,1,0,0
0,0,0,0,1,0,0
0,0,0,0,1,0,0
0,0,0,0,1,0,0
0,0,0,0,0,1,0
0,0,0,0,0,1,0
0,0,0,0,0,1,0
0,0,1,0,0,0,0
0,0,1,0,0,0,0
0,0,1,0,0,0,0
0,0,1,0,0,0,0
0,0,1,0,0,0,0
0,0,1,0,0,0,0
0,0,1,0,0,0,0
0,0,0,0,0,0,1
0,0,0,0,0,0,1
0,0,0,0,0,0,1
0,0,0,0,0,0,1
0,0,0,0,0,0,1
0,0,0,0,0,0,1
0,0,0,0,0,0,1
0,0,0,0,0,0,1
0,0,0,0,0,1,0
0,0,0,0,0,1,0
0,0,0,0,0,1,0
0,0,0,0,0,1,0
0,0,0,0,0,1,0
0,0,0,0,0,1,0
0,0,0,0,0,1,0
0,0,0,0,1,0,0
0,0,0,0,1,0,0
0,0,0,0,1,0,0
0,0,0,0,0,1,0
0,0,0,0,1,0,0
0,0,0,0,1,0,0
0,0,0,0,0,1,0
0,0,0,0,0,1,0
0,0,0,0,0,1,0
0,0,0,0,0,1,0
0,0,0,0,0,1,0
0,0,0,0,0,1,0
0,0,0,0,1,0,0
0,0,0,0,1,0,0
0,0,0,0,0,1,0
0,0,0,0,0,1,0
0,0,0,0,0,1,0
0,0,0,0,0,1,0
0,0,0,0,0,1,0
0,0,0,0,0,1,0
0,0,0,0,0,1,0
0,0,0,0,0,1,0
0,0,0,0,0,0,1
0,0,0,0,0,1,0
0,0,0,0,0,1,0
0,0,0,0,1,0,0
0,0,0,0,1,0,0
0,0,0,0,1,0,0
0,0,0,0,0,1,0
0,0,0,0,1,0,0
0,0,0,0,1,0,0
0,0,0,0,1,0,0
0,0,0,0,1,0,0
0,0,0,0,0,1,0
0,0,0,0,0,1,0
0,0,0,0,1,0,0
0,0,0,0,0,1,0
0,0,0,0,1,0,0
0,0,0,0,1,0,0
0,0,0,0,1,0,0
0,0,0,0,1,0,0
0,0,0,0,1,0,0
0,0,0,0,1,0,0
0,0,0,0,1,0,0
0,0,0,0,1,0,0
0,0,1,0,0,0,0
0,0,1,0,0,0,0
0,0,1,0,0,0,0
0,0,1,0,0,0,0
0,0,1,0,0,0,0
0,0,0,0,1,0,0
0,0,0,0,1,0,0
0,0,0,0,1,0,0
0,0,0,0,0,1,0
0,0,0,0,0,1,0
0,0,0,0,0,1,0
0,0,0,0,1,0,0
0,0,0,0,1,0,0
0,0,0,0,1,0,0
0,0,0,0,0,1,0
0,0,0,0,1,0,0
0,0,0,0,1,0,0
0,0,0,0,1,0,0
0,0,0,0,1,0,0
0,0,0,0,1,0,0
0,0,0,0,1,0,0
0,0,0,0,0,0,1
0,0,0,0,0,1,0
0,0,0,0,1,0,0
0,0,0,0,0,1,0
0,0,0,0,1,0,0
0,0,0,0,0,1,0
0,0,0,0,0,1,0
0,0,0,0,1,0,0
0,0,0,0,1,0,0
0,0,0,0,1,0,0
0,0,0,0,0,1,0
0,0,0,0,1,0,0
0,0,0,0,1,0,0
0,0,0,0,1,0,0
0,0,0,0,1,0,0
0,0,1,0,0,0,0
0,0,1,0,0,0,0
0,0,1,0,0,0,0
0,0,0,0,1,0,0
0,0,0,0,1,0,0
0,0,0,0,1,0,0
0,0,0,0,1,0,0
0,0,0,0,1,0,0
0,0,0,0,1,0,0
0,0,1,0,0,0,0
0,0,1,0,0,0,0
0,0,1,0,0,0,0
0,0,0,0,1,0,0
0,0,0,0,1,0,0
0,0,0,0,1,0,0
0,0,0,0,1,0,0
0,0,0,0,0,1,0
0,0,0,0,0,1,0
0,0,0,0,0,1,0
0,0,0,0,1,0,0
0,0,0,0,1,0,0
0,0,0,0,1,0,0
0,0,0,0,1,0,0
0,0,0,0,1,0,0
0,0,0,0,1,0,0
0,0,0,0,1,0,0
0,0,0,0,1,0,0
0,0,0,0,1,0,0
0,0,0,0,1,0,0
0,0,0,0,0,1,0
0,0,0,0,1,0,0
0,0,0,0,0,1,0
0,0,0,0,1,0,0
0,0,0,0,1,0,0
0,0,0,0,1,0,0
0,0,0,0,1,0,0
0,0,0,0,1,0,0
0,0,0,0,1,0,0
0,0,0,0,0,1,0
0,0,0,0,0,1,0
0,0,0,0,0,1,0
0,0,0,0,1,0,0
0,0,0,0,1,0,0
0,0,0,0,1,0,0
0,0,0,0,0,1,0
0,0,0,0,0,1,0
0,0,0,0,0,1,0
0,0,0,0,0,1,0
0,0,0,0,0,1,0
0,0,0,0,0,1,0
0,0,0,0,0,1,0
0,0,0,0,0,1,0
0,0,0,0,1,0,0
0,0,0,0,0,1,0
0,0,0,0,1,0,0
0,0,0,0,1,0,0
0,0,0,0,1,0,0
0,0,0,0,1,0,0
0,0,0,0,1,0,0
0,0,0,0,1,0,0
0,0,0,0,1,0,0
0,0,0,0,0,1,0
0,0,0,0,0,1,0
0,0,0,0,0,1,0
0,0,0,0,1,0,0
0,0,0,0,0,1,0
0,0,0,0,1,0,0
0,0,0,0,1,0,0
0,0,0,0,1,0,0
0,0,0,0,1,0,0
0,0,0,0,1,0,0
0,0,0,0,1,0,0
0,0,0,0,1,0,0
0,0,0,0,1,0,0
0,0,0,0,1,0,0
0,0,0,0,0,1,0
0,0,0,0,0,1,0
0,0,0,0,0,1,0
0,0,0,0,0,1,0
0,0,0,0,1,0,0
0,0,0,0,1,0,0
0,1,0,0,0,0,0
0,0,0,0,0,1,0
0,0,0,0,1,0,0
0,0,0,0,1,0,0
0,0,0,0,1,0,0
0,0,0,0,1,0,0
0,0,0,0,1,0,0
0,0,0,0,1,0,0
0,0,0,0,1,0,0
0,0,0,0,1,0,0
0,0,0,0,1,0,0
0,0,0,0,1,0,0
0,0,0,0,1,0,0
0,0,0,0,1,0,0
0,0,0,0,1,0,0
0,0,0,0,1,0,0
0,0,0,0,1,0,0
0,0,0,0,1,0,0
0,0,0,0,1,0,0
0,0,0,0,0,1,0
0,0,0,0,0,1,0
0,0,0,0,1,0,0
0,0,0,0,0,1,0
0,0,0,0,1,0,0
0,0,0,0,1,0,0
0,0,0,0,1,0,0
0,0,0,0,1,0,0
0,0,0,0,0,1,0
0,0,0,0,1,0,0
0,0,0,0,1,0,0
0,0,0,0,1,0,0
0,0,0,0,1,0,0
0,0,0,0,1,0,0
0,0,0,0,0,1,0
0,0,0,0,1,0,0
0,0,0,0,1,0,0
0,0,0,0,1,0,0
0,0,0,0,1,0,0
0,0,0,0,1,0,0
0,0,0,0,1,0,0
0,0,0,0,1,0,0
0,0,0,0,1,0,0
0,0,0,0,1,0,0
0,0,0,0,1,0,0
0,0,0,0,1,0,0
0,0,0,0,1,0,0
0,0,0,0,1,0,0
0,0,0,0,1,0,0
0,0,0,0,1,0,0
0,0,0,0,1,0,0
0,0,0,0,1,0,0
0,0,0,0,1,0,0
0,0,0,0,1,0,0
0,0,0,0,1,0,0
0,0,0,0,1,0,0
0,0,0,0,1,0,0
0,0,0,0,1,0,0
0,0,0,0,1,0,0
0,0,0,0,1,0,0
0,0,0,0,1,0,0
0,0,0,0,0,1,0
0,0,0,0,1,0,0
0,0,0,0,1,0,0
0,0,0,0,0,1,0
0,0,0,0,1,0,0
0,0,0,0,0,1,0
0,0,0,0,1,0,0
0,0,0,0,1,0,0
0,0,0,0,0,1,0
0,0,0,1,0,0,0
0,0,0,0,1,0,0
0,0,0,0,1,0,0
0,1,0,0,0,0,0
0,0,0,1,0,0,0
0,0,0,0,1,0,0
0,0,0,0,1,0,0
0,0,0,0,1,0,0
0,0,0,0,0,1,0
0,0,0,1,0,0,0
0,0,0,0,0,1,0
0,0,0,0,1,0,0
0,0,0,0,1,0,0
0,0,0,0,1,0,0
0,0,0,0,0,1,0
0,0,0,0,1,0,0
0,0,0,0,1,0,0
0,0,0,0,1,0,0
0,0,0,0,1,0,0
0,0,0,0,1,0,0
0,0,0,0,1,0,0
0,0,0,0,1,0,0
0,0,0,0,1,0,0
0,0,0,0,1,0,0
0,0,0,0,1,0,0
0,0,0,0,1,0,0
0,0,0,0,1,0,0
0,0,0,0,1,0,0
0,0,0,0,1,0,0
0,0,0,0,1,0,0
0,0,0,0,1,0,0
0,0,0,0,1,0,0
0,0,0,0,1,0,0
0,0,0,0,1,0,0
0,0,0,0,1,0,0
0,0,0,0,1,0,0
0,0,0,0,1,0,0
0,0,0,0,1,0,0
0,0,0,0,1,0,0
0,0,0,0,1,0,0
0,0,0,0,1,0,0
0,0,0,0,0,1,0
0,0,0,0,0,1,0
0,0,0,0,0,1,0
0,0,0,0,0,1,0
0,0,0,0,1,0,0
0,0,0,0,1,0,0
0,0,0,0,1,0,0
0,0,0,0,1,0,0
0,0,0,1,0,0,0
0,0,0,0,0,1,0
0,0,0,0,0,1,0
0,0,0,0,0,1,0
0,0,0,0,0,1,0
0,0,0,0,1,0,0
0,0,0,0,1,0,0
0,0,0,0,1,0,0
0,0,0,0,0,1,0
0,0,0,0,0,1,0
0,0,0,0,0,1,0
0,0,0,0,0,1,0
0,0,0,0,0,1,0
0,0,0,0,0,1,0
0,0,0,0,0,1,0
0,0,0,0,1,0,0
0,0,0,0,1,0,0
0,0,0,0,1,0,0
0,0,0,0,1,0,0
0,0,0,0,1,0,0
0,0,0,0,1,0,0
0,0,0,0,0,1,0
0,0,0,0,1,0,0
0,0,0,0,1,0,0
0,0,0,0,1,0,0
0,0,0,0,1,0,0
0,0,0,0,1,0,0
0,0,0,0,1,0,0
0,0,0,0,1,0,0
0,0,0,0,1,0,0
0,0,0,0,1,0,0
0,0,0,0,1,0,0
0,0,0,0,1,0,0
0,0,0,0,1,0,0
0,0,0,0,1,0,0
0,0,0,0,1,0,0
0,0,0,0,1,0,0
0,0,0,0,1,0,0
0,0,0,0,1,0,0
0,0,0,0,1,0,0
0,0,0,0,1,0,0
0,0,0,0,0,1,0
0,0,0,0,0,1,0
0,0,0,0,1,0,0
0,0,0,0,0,1,0
0,0,0,0,1,0,0
0,0,0,0,1,0,0
0,0,0,0,1,0,0
0,0,0,0,1,0,0
0,0,0,0,1,0,0
0,0,0,0,1,0,0
0,0,0,0,1,0,0
0,0,0,0,1,0,0
0,0,0,0,1,0,0
0,0,0,0,1,0,0
0,0,0,0,1,0,0
0,0,0,0,1,0,0
0,0,0,0,1,0,0
0,0,0,0,1,0,0
0,0,0,0,1,0,0
0,0,0,0,1,0,0
0,0,0,0,1,0,0
0,0,0,0,1,0,0
0,0,0,0,1,0,0
0,0,0,0,1,0,0
0,0,0,0,1,0,0
0,0,0,0,1,0,0
0,0,0,0,1,0,0
0,0,0,0,0,1,0
0,0,0,0,1,0,0
0,0,0,0,1,0,0
0,0,0,0,1,0,0
0,0,0,0,0,1,0
0,0,0,0,0,0,1
0,0,0,0,1,0,0
0,0,0,0,0,1,0
0,0,0,0,1,0,0
0,0,0,0,1,0,0
0,0,0,0,1,0,0
0,0,0,0,1,0,0
0,0,0,0,1,0,0
0,0,0,0,0,1,0
0,0,0,0,0,1,0
0,0,0,0,1,0,0
0,0,0,0,0,1,0
0,0,0,0,1,0,0
0,0,0,0,0,1,0
0,0,0,0,0,1,0
0,0,0,0,0,1,0
0,0,0,0,0,1,0
0,0,0,0,0,1,0
0,0,0,0,0,1,0
0,0,0,0,0,1,0
0,0,0,0,1,0,0
0,0,0,0,1,0,0
0,0,0,0,1,0,0
0,0,0,0,1,0,0
0,0,0,0,1,0,0
0,0,0,0,0,1,0
0,0,0,0,0,1,0
0,0,0,0,1,0,0
0,0,0,0,1,0,0
0,0,0,0,1,0,0
0,0,0,0,1,0,0
0,0,0,0,0,1,0
0,0,0,0,1,0,0
0,0,0,0,1,0,0
0,0,0,0,1,0,0
0,0,0,0,1,0,0
0,0,0,0,1,0,0
0,0,0,0,1,0,0
0,0,0,0,1,0,0
0,0,0,0,1,0,0
0,0,0,0,1,0,0
0,0,0,0,1,0,0
0,0,0,0,0,1,0
0,0,0,0,0,1,0
0,0,0,0,0,1,0
0,0,0,0,0,1,0
0,0,0,0,0,1,0
0,0,0,0,0,1,0
0,0,0,0,0,1,0
0,0,0,0,0,1,0
0,0,0,0,0,1,0
0,0,0,0,0,1,0
0,0,0,0,0,0,1
0,0,0,0,0,0,1
0,0,0,0,0,0,1
0,0,1,0,0,0,0
0,0,1,0,0,0,0
0,0,1,0,0,0,0
0,0,1,0,0,0,0
0,0,1,0,0,0,0
0,0,0,0,0,1,0
0,0,0,0,1,0,0
0,0,0,0,1,0,0
0,0,0,0,1,0,0
0,0,0,0,1,0,0
0,0,0,0,1,0,0
0,0,0,0,1,0,0
0,0,0,0,1,0,0
0,0,0,0,1,0,0
0,0,0,0,0,1,0
0,0,0,0,0,1,0
0,0,0,0,0,1,0
0,0,0,0,0,1,0
0,0,0,0,0,1,0
0,0,0,0,1,0,0
0,0,0,0,0,1,0
0,0,0,0,0,1,0
0,0,0,0,0,1,0
0,0,0,0,1,0,0
0,0,0,0,1,0,0
0,0,0,0,1,0,0
0,0,0,0,1,0,0
0,0,0,0,1,0,0
0,0,0,0,1,0,0
0,0,0,0,1,0,0
0,0,0,0,1,0,0
0,0,0,0,1,0,0
0,0,0,0,1,0,0
0,0,0,0,0,1,0
0,0,0,0,0,1,0
0,0,0,0,1,0,0
0,0,0,0,1,0,0
0,0,0,0,1,0,0
0,0,0,0,1,0,0
0,0,0,0,0,1,0
0,0,0,0,1,0,0
0,0,0,0,1,0,0
0,0,0,0,1,0,0
0,0,0,0,1,0,0
0,0,0,0,1,0,0
0,0,0,0,1,0,0
0,0,0,0,1,0,0
0,0,0,0,1,0,0
0,0,0,0,1,0,0
0,0,0,0,1,0,0
0,0,0,0,1,0,0
0,0,0,0,1,0,0
0,0,0,0,1,0,0
0,0,0,0,1,0,0
0,0,0,0,0,1,0
0,0,0,0,0,1,0
0,0,0,0,0,1,0
0,0,0,0,0,1,0
0,0,0,0,0,1,0
0,0,0,0,0,1,0
0,0,0,0,0,1,0
0,0,0,0,1,0,0
0,0,0,0,1,0,0
0,0,0,0,1,0,0
0,0,0,0,1,0,0
0,0,0,0,1,0,0
0,0,0,0,1,0,0
0,0,0,0,1,0,0
0,0,0,0,1,0,0
0,0,0,0,1,0,0
0,0,0,0,1,0,0
0,0,0,0,1,0,0
0,0,0,0,1,0,0
0,0,0,0,1,0,0
0,0,0,0,1,0,0
0,0,0,0,1,0,0
0,0,0,0,1,0,0
0,0,0,0,1,0,0
0,0,0,0,1,0,0
0,0,0,0,1,0,0
0,0,0,0,1,0,0
0,0,0,0,1,0,0
0,0,0,0,1,0,0
0,0,0,0,1,0,0
0,0,0,0,0,1,0
0,0,0,0,0,1,0
0,0,0,0,0,1,0
0,0,0,0,0,1,0
0,0,0,0,0,1,0
0,0,0,0,0,1,0
0,0,0,0,1,0,0
0,0,0,0,1,0,0
0,0,0,0,1,0,0
0,0,0,0,0,1,0
0,0,0,0,0,1,0
0,0,0,0,1,0,0
0,0,0,0,1,0,0
0,0,0,0,0,1,0
0,0,0,0,0,1,0
0,0,0,0,1,0,0
0,0,0,0,0,1,0
0,0,0,0,0,1,0
0,0,0,0,1,0,0
0,0,0,0,0,1,0
0,0,0,0,0,1,0
0,0,0,0,0,1,0
0,0,0,0,1,0,0
0,0,0,0,1,0,0
0,0,0,0,1,0,0
0,0,0,0,0,1,0
0,0,0,0,0,1,0
0,0,0,0,0,1,0
0,0,0,0,0,1,0
0,0,0,0,1,0,0
0,0,0,0,1,0,0
0,0,0,0,1,0,0
0,0,0,0,1,0,0
0,0,0,0,1,0,0
0,0,0,0,1,0,0
0,0,0,0,1,0,0
0,0,0,0,1,0,0
0,0,0,0,1,0,0
0,0,0,0,1,0,0
0,0,0,0,1,0,0
0,0,0,0,0,1,0
0,0,0,0,0,1,0
0,0,0,0,1,0,0
0,0,0,0,1,0,0
0,0,0,0,1,0,0
0,0,0,0,0,1,0
0,0,0,0,1,0,0
0,0,0,0,1,0,0
0,0,0,0,1,0,0
0,0,0,0,1,0,0
0,0,0,0,1,0,0
0,0,0,0,1,0,0
0,0,0,0,1,0,0
0,0,0,0,1,0,0
0,0,0,0,1,0,0
0,0,0,0,1,0,0
0,0,0,0,1,0,0
0,0,0,0,1,0,0
0,0,0,0,0,1,0
0,0,0,0,1,0,0
0,0,0,0,0,1,0
0,0,0,0,0,1,0
0,0,0,0,1,0,0
0,0,0,0,1,0,0
0,0,0,0,1,0,0
0,0,0,0,1,0,0
0,0,0,0,1,0,0
0,0,0,0,0,1,0
0,0,0,0,0,1,0
0,0,0,0,0,1,0
0,0,0,0,1,0,0
0,0,0,0,1,0,0
0,0,0,0,1,0,0
0,0,0,0,1,0,0
0,0,0,0,1,0,0
0,0,0,0,1,0,0
0,0,0,0,1,0,0
0,0,0,0,1,0,0
0,0,0,0,0,1,0
0,0,0,0,1,0,0
0,0,0,0,1,0,0
0,0,0,0,1,0,0
0,0,0,0,1,0,0
0,0,0,0,1,0,0
0,0,0,0,1,0,0
0,0,0,0,0,1,0
0,0,1,0,0,0,0
0,0,1,0,0,0,0
0,0,0,0,1,0,0
0,0,0,0,0,1,0
0,0,0,0,1,0,0
0,0,0,0,0,1,0
0,0,0,0,0,1,0
0,0,0,0,1,0,0
0,0,0,0,1,0,0
0,0,0,0,0,1,0
0,0,0,0,0,1,0
0,0,0,0,0,1,0
0,0,0,0,0,0,1
0,0,0,0,0,0,1
0,0,0,0,0,0,1
0,0,0,0,0,0,1
0,0,0,0,0,0,1
0,0,1,0,0,0,0
0,0,1,0,0,0,0
0,0,1,0,0,0,0
0,0,0,0,1,0,0
0,0,0,0,0,1,0
0,0,0,0,1,0,0
0,0,0,0,1,0,0
0,0,0,0,1,0,0
0,0,0,0,1,0,0
0,0,0,0,1,0,0
0,0,0,0,1,0,0
0,0,0,0,1,0,0
0,0,0,0,1,0,0
0,0,0,0,1,0,0
0,0,0,0,1,0,0
0,0,0,0,1,0,0
0,0,0,0,1,0,0
0,0,0,0,1,0,0
0,0,0,0,1,0,0
0,0,0,0,1,0,0
0,0,0,0,1,0,0
0,0,0,0,1,0,0
0,0,0,0,1,0,0
0,0,0,0,1,0,0
0,0,0,0,1,0,0
0,0,0,0,0,1,0
0,0,0,0,1,0,0
0,0,0,0,1,0,0
0,0,0,0,1,0,0
0,0,0,0,0,1,0
0,0,0,0,1,0,0
0,0,0,0,0,1,0
0,0,0,0,0,1,0
0,0,0,0,0,1,0
0,0,0,0,0,1,0
0,0,0,0,0,1,0
0,0,0,0,0,1,0
0,0,0,0,0,1,0
0,0,0,0,0,1,0
0,0,0,0,0,1,0
0,0,0,0,0,1,0
0,0,0,0,1,0,0
0,0,0,0,1,0,0
0,0,0,0,1,0,0
0,0,0,0,0,1,0
0,0,0,0,1,0,0
0,0,0,0,1,0,0
0,0,0,0,1,0,0
0,0,0,0,1,0,0
0,0,0,0,1,0,0
0,0,0,0,0,1,0
0,0,0,0,1,0,0
0,0,0,0,1,0,0
0,0,0,0,1,0,0
0,0,0,0,1,0,0
0,0,0,0,1,0,0
0,0,0,0,1,0,0
0,0,0,0,1,0,0
0,0,0,0,1,0,0
0,0,0,0,1,0,0
0,0,0,0,1,0,0
0,0,0,0,1,0,0
0,0,0,0,1,0,0
0,0,0,0,0,1,0
0,0,0,0,0,0,1
0,0,0,0,1,0,0
0,0,0,0,1,0,0
0,0,0,0,0,1,0
0,0,0,0,0,1,0
0,0,0,0,1,0,0
0,0,0,0,1,0,0
0,0,0,0,1,0,0
0,0,0,0,0,1,0
0,0,0,0,0,1,0
0,0,0,0,0,1,0
0,0,0,0,1,0,0
0,0,0,0,1,0,0
0,0,0,0,1,0,0
0,0,0,0,1,0,0
0,0,0,0,1,0,0
0,0,0,0,1,0,0
0,0,0,0,1,0,0
0,0,0,0,1,0,0
0,0,0,0,1,0,0
0,0,0,0,1,0,0
0,0,0,0,1,0,0
0,0,0,0,1,0,0
0,0,0,0,1,0,0
0,0,0,0,1,0,0
0,0,0,0,1,0,0
0,0,0,0,1,0,0
0,0,0,0,1,0,0
0,0,0,0,1,0,0
0,0,0,0,1,0,0
0,0,0,0,1,0,0
0,0,0,0,1,0,0
0,0,0,0,1,0,0
0,0,0,0,1,0,0
0,0,0,0,1,0,0
0,0,0,0,1,0,0
0,0,0,0,1,0,0
0,0,0,0,0,1,0
0,0,0,0,0,1,0
0,0,0,0,1,0,0
0,0,0,0,1,0,0
0,0,0,0,1,0,0
0,0,1,0,0,0,0
0,0,1,0,0,0,0
0,0,0,0,1,0,0
0,0,0,0,1,0,0
0,0,0,0,1,0,0
0,0,0,0,1,0,0
0,0,0,0,1,0,0
0,0,0,0,1,0,0
0,0,0,0,1,0,0
0,0,0,0,1,0,0
0,0,0,0,1,0,0
0,0,0,0,1,0,0
0,0,0,0,1,0,0
0,0,0,0,0,1,0
0,0,0,0,0,1,0
0,0,0,0,0,1,0
0,0,0,0,1,0,0
0,0,0,0,1,0,0
0,0,0,0,1,0,0
0,0,0,0,1,0,0
0,0,0,0,1,0,0
0,0,0,0,1,0,0
0,0,0,0,1,0,0
0,0,0,0,1,0,0
0,0,0,0,1,0,0
0,0,0,0,1,0,0
0,0,0,0,1,0,0
0,0,0,0,1,0,0
0,0,0,0,1,0,0
0,0,0,0,1,0,0
0,0,0,0,1,0,0
0,0,0,0,1,0,0
0,0,0,0,1,0,0
0,0,0,0,1,0,0
0,0,0,0,1,0,0
0,0,0,0,1,0,0
0,0,0,0,0,1,0
0,0,0,0,0,1,0
0,0,0,0,1,0,0
0,0,0,0,1,0,0
0,0,0,0,1,0,0
0,0,0,0,1,0,0
0,0,0,0,1,0,0
0,0,0,0,1,0,0
0,0,0,0,1,0,0
0,0,0,0,1,0,0
0,0,0,0,1,0,0
0,0,0,0,1,0,0
0,0,0,0,1,0,0
0,0,0,0,1,0,0
0,0,0,0,1,0,0
0,0,0,0,1,0,0
0,0,0,0,1,0,0
0,0,0,0,1,0,0
0,0,0,0,1,0,0
0,0,0,0,1,0,0
0,0,0,0,1,0,0
0,0,0,0,1,0,0
0,0,0,0,1,0,0
0,0,0,0,1,0,0
0,0,0,0,1,0,0
0,0,0,0,1,0,0
0,0,0,0,1,0,0
0,0,0,0,1,0,0
0,0,0,0,1,0,0
0,0,0,0,1,0,0
0,0,0,0,1,0,0
0,0,0,0,1,0,0
0,0,0,0,1,0,0
0,0,0,0,1,0,0
0,0,0,0,1,0,0
0,0,0,0,1,0,0
0,0,0,0,1,0,0
0,0,0,0,1,0,0
0,0,0,0,1,0,0
0,0,0,0,1,0,0
0,0,0,0,1,0,0
0,0,0,0,1,0,0
0,0,0,0,1,0,0
0,0,0,0,1,0,0
0,0,0,0,0,1,0
0,0,0,0,0,1,0
0,0,0,0,0,1,0
0,0,0,0,0,1,0
0,0,0,0,1,0,0
0,0,0,0,1,0,0
0,0,0,0,1,0,0
0,0,0,0,0,1,0
0,0,0,0,0,1,0
0,0,0,0,1,0,0
0,0,0,0,1,0,0
0,0,0,0,1,0,0
0,0,0,0,1,0,0
0,0,0,0,1,0,0
0,0,0,0,1,0,0
0,0,0,0,1,0,0
0,0,0,0,1,0,0
0,0,0,0,1,0,0
0,0,0,0,0,1,0
0,0,0,0,0,1,0
0,0,0,0,1,0,0
0,0,0,0,1,0,0
0,0,0,0,1,0,0
0,0,0,0,1,0,0
0,0,0,0,1,0,0
0,0,0,0,1,0,0
0,0,0,0,0,1,0
0,0,0,0,0,1,0
0,0,0,0,0,1,0
0,0,0,0,0,1,0
0,0,0,0,1,0,0
0,0,0,0,1,0,0
0,0,0,0,1,0,0
0,0,0,0,1,0,0
0,0,0,0,1,0,0
0,0,0,0,0,1,0
0,0,1,0,0,0,0
0,0,0,0,1,0,0
0,0,0,0,1,0,0
0,0,0,0,0,0,1
0,0,0,0,0,1,0
0,0,0,0,1,0,0
0,0,0,0,0,1,0
0,0,0,0,0,1,0
0,0,0,0,0,1,0
0,0,0,0,0,1,0
0,0,0,0,1,0,0
0,0,0,0,0,1,0
0,0,0,0,0,1,0
0,0,0,0,0,1,0
0,0,0,0,1,0,0
0,0,0,0,0,1,0
0,0,0,0,0,1,0
0,0,0,0,1,0,0
0,0,0,0,1,0,0
0,0,0,0,0,1,0
0,0,0,0,0,1,0
0,0,0,0,1,0,0
0,0,0,0,0,1,0
0,0,0,0,1,0,0
0,0,0,0,1,0,0
0,0,0,0,0,1,0
0,0,0,0,1,0,0
0,0,0,0,0,1,0
0,0,0,0,0,0,1
0,0,0,0,1,0,0
0,0,0,0,1,0,0
0,0,0,0,1,0,0
0,0,0,0,1,0,0
0,0,0,0,1,0,0
0,0,0,0,1,0,0
0,0,0,0,1,0,0
0,0,0,0,1,0,0
0,0,0,0,1,0,0
0,0,0,0,1,0,0
0,0,0,0,1,0,0
0,0,0,0,1,0,0
0,0,0,0,1,0,0
0,0,0,0,1,0,0
0,0,0,0,1,0,0
0,0,0,0,1,0,0
0,0,0,0,1,0,0
0,0,0,0,1,0,0
0,0,0,0,1,0,0
0,0,0,0,1,0,0
0,0,0,0,1,0,0
0,0,0,0,0,1,0
0,0,0,0,1,0,0
0,0,0,0,1,0,0
0,0,0,0,1,0,0
0,0,0,0,1,0,0
0,0,0,0,0,1,0
0,0,0,0,1,0,0
0,0,0,0,0,1,0
0,0,0,0,1,0,0
0,0,0,0,1,0,0
0,0,0,0,1,0,0
0,0,0,0,0,1,0
0,0,1,0,0,0,0
0,0,1,0,0,0,0
0,0,0,0,0,1,0
0,0,0,0,1,0,0
0,0,0,0,1,0,0
0,0,1,0,0,0,0
0,0,1,0,0,0,0
0,0,1,0,0,0,0
0,0,0,0,0,1,0
0,0,0,0,0,1,0
0,0,0,0,0,1,0
0,0,0,0,1,0,0
0,0,0,0,1,0,0
0,0,0,0,1,0,0
0,0,0,0,1,0,0
0,0,0,0,1,0,0
0,0,0,0,1,0,0
0,0,0,0,1,0,0
0,0,0,0,1,0,0
0,0,0,0,1,0,0
0,0,0,0,1,0,0
0,0,0,0,1,0,0
0,0,0,0,1,0,0
0,0,0,0,1,0,0
0,0,0,0,1,0,0
0,0,0,0,1,0,0
0,0,0,0,1,0,0
0,0,0,0,1,0,0
0,0,0,0,1,0,0
0,0,0,0,1,0,0
0,0,0,0,0,1,0
0,0,0,0,0,1,0
0,0,0,0,1,0,0
0,0,0,0,1,0,0
0,0,0,0,1,0,0
0,0,0,0,1,0,0
0,0,0,0,1,0,0
0,0,0,0,1,0,0
0,0,0,0,0,1,0
0,0,0,0,0,1,0
0,0,0,0,1,0,0
0,0,0,0,1,0,0
0,0,0,0,0,1,0
0,0,0,0,1,0,0
0,0,0,0,0,1,0
0,0,0,0,1,0,0
0,0,0,0,1,0,0
0,0,0,0,1,0,0
0,0,0,0,1,0,0
0,0,0,0,1,0,0
0,0,0,0,1,0,0
0,0,0,0,1,0,0
0,0,0,0,0,1,0
0,0,0,0,1,0,0
0,0,0,0,1,0,0
0,0,0,0,0,1,0
0,0,0,0,1,0,0
0,0,0,0,1,0,0
0,0,0,0,1,0,0
0,0,0,0,1,0,0
0,0,0,0,1,0,0
0,0,0,0,1,0,0
0,0,0,0,1,0,0
0,0,0,0,0,1,0
0,0,0,0,0,1,0
0,0,1,0,0,0,0
0,0,0,0,0,1,0
0,0,0,0,1,0,0
0,0,0,0,1,0,0
0,0,0,0,1,0,0
0,0,0,0,0,1,0
0,0,0,0,1,0,0
0,0,0,0,1,0,0
0,0,0,0,1,0,0
0,0,0,0,0,1,0
0,0,0,0,0,0,1
0,0,0,0,0,0,1
0,0,0,0,0,1,0
0,0,0,0,0,1,0
0,0,0,0,0,1,0
0,0,0,0,1,0,0
0,0,0,0,1,0,0
0,0,0,0,0,1,0
0,0,0,0,1,0,0
0,0,0,0,0,1,0
0,0,0,0,1,0,0
0,0,0,0,0,1,0
0,0,0,0,1,0,0
0,0,0,0,1,0,0
0,0,0,0,0,1,0
0,0,0,0,1,0,0
0,0,0,0,1,0,0
0,0,0,0,1,0,0
0,0,0,0,1,0,0
0,0,0,0,1,0,0
0,0,0,0,1,0,0
0,0,0,0,1,0,0
0,0,0,0,1,0,0
0,0,0,0,1,0,0
0,0,0,0,0,1,0
0,0,0,0,0,1,0
0,0,0,0,0,1,0
0,0,0,0,0,1,0
0,0,0,0,1,0,0
0,0,0,0,1,0,0
0,0,0,0,1,0,0
0,0,0,0,1,0,0
0,0,0,0,1,0,0
0,0,0,0,1,0,0
0,0,0,0,1,0,0
0,0,0,0,1,0,0
0,0,0,0,0,1,0
0,0,0,0,1,0,0
0,0,0,0,1,0,0
0,0,0,0,1,0,0
0,0,0,0,0,1,0
0,0,0,0,0,1,0
0,0,0,0,0,1,0
0,0,0,0,1,0,0
0,0,0,0,0,1,0
0,0,0,0,0,1,0
0,0,0,0,1,0,0
0,0,0,0,0,1,0
0,0,0,0,0,1,0
0,0,0,0,1,0,0
0,0,0,0,1,0,0
0,0,0,0,0,1,0
0,0,0,0,0,1,0
0,0,0,0,1,0,0
0,0,0,0,0,1,0
0,0,0,0,0,1,0
0,0,0,0,1,0,0
0,0,0,0,1,0,0
0,0,0,0,1,0,0
0,0,0,0,1,0,0
0,0,0,0,1,0,0
0,0,0,0,1,0,0
0,0,0,0,1,0,0
0,0,0,0,1,0,0
0,0,0,0,1,0,0
0,0,0,0,1,0,0
0,0,0,0,1,0,0
0,0,1,0,0,0,0
0,0,0,0,1,0,0
0,0,0,0,1,0,0
0,0,0,0,1,0,0
0,0,0,0,0,1,0
0,0,0,0,1,0,0
0,0,0,0,1,0,0
0,0,0,0,0,1,0
0,0,0,0,0,1,0
0,0,0,0,0,1,0
0,0,0,0,1,0,0
0,0,0,0,1,0,0
0,0,0,0,1,0,0
0,0,0,0,0,1,0
0,0,0,0,1,0,0
0,0,0,0,0,1,0
0,0,0,0,1,0,0
0,0,0,0,1,0,0
0,0,0,0,1,0,0
0,0,0,0,1,0,0
0,0,0,0,1,0,0
0,0,0,0,1,0,0
0,0,0,0,1,0,0
0,0,0,0,1,0,0
0,0,0,0,1,0,0
0,0,0,0,1,0,0
0,0,0,0,0,1,0
0,0,0,0,0,1,0
0,0,0,0,0,1,0
0,0,0,0,0,1,0
0,0,0,0,0,1,0
0,0,0,0,0,1,0
0,0,0,0,0,1,0
0,0,0,0,0,1,0
0,0,0,0,0,1,0
0,0,0,0,0,1,0
0,0,0,0,1,0,0
0,0,0,0,0,1,0
0,0,0,0,0,1,0
0,0,0,0,0,1,0
0,0,0,0,1,0,0
0,0,0,0,1,0,0
0,0,0,0,1,0,0
0,0,0,0,1,0,0
0,0,0,0,1,0,0
0,0,0,0,1,0,0
0,0,0,0,1,0,0
0,0,0,0,1,0,0
0,0,0,0,1,0,0
0,0,0,0,0,1,0
0,0,0,0,0,1,0
0,0,0,0,0,1,0
0,0,0,0,0,1,0
0,0,0,0,1,0,0
0,0,0,0,1,0,0
0,0,0,0,1,0,0
0,0,0,0,1,0,0
0,0,0,0,0,1,0
0,0,0,0,1,0,0
0,0,0,0,1,0,0
0,0,0,0,1,0,0
0,0,0,0,1,0,0
0,0,0,0,1,0,0
0,0,0,0,1,0,0
0,0,0,0,1,0,0
0,0,0,0,1,0,0
0,0,0,0,1,0,0
0,0,0,0,1,0,0
0,0,0,0,1,0,0
0,0,0,0,1,0,0
0,0,0,0,1,0,0
0,0,0,0,1,0,0
0,0,0,0,1,0,0
0,0,0,0,1,0,0
0,0,0,0,1,0,0
0,0,0,0,1,0,0
0,0,0,0,1,0,0
0,0,0,1,0,0,0
0,0,0,1,0,0,0
0,0,0,0,1,0,0
0,0,0,0,0,1,0
0,0,0,0,1,0,0
0,0,0,0,0,1,0
0,0,0,0,1,0,0
0,0,0,0,1,0,0
0,0,0,0,1,0,0
0,0,0,0,1,0,0
0,0,0,0,1,0,0
0,0,0,0,1,0,0
0,0,0,0,1,0,0
0,0,0,0,1,0,0
0,0,0,0,1,0,0
0,0,0,0,0,1,0
0,0,0,0,0,1,0
0,0,0,0,1,0,0
0,0,0,0,1,0,0
0,0,1,0,0,0,0
0,0,0,0,0,1,0
0,0,0,0,0,1,0
0,0,0,0,1,0,0
0,0,0,0,1,0,0
0,0,0,0,1,0,0
0,0,0,0,1,0,0
0,0,0,0,1,0,0
0,0,0,0,1,0,0
0,0,0,0,1,0,0
0,0,0,0,0,1,0
0,0,0,0,1,0,0
0,0,0,0,0,1,0
0,0,0,0,0,1,0
0,0,0,0,0,1,0
0,0,0,0,1,0,0
0,0,0,0,0,1,0
0,0,0,0,1,0,0
0,0,0,0,1,0,0
0,0,0,0,1,0,0
0,0,0,0,1,0,0
0,0,0,0,1,0,0
0,0,0,0,1,0,0
0,0,0,0,1,0,0
0,0,0,0,1,0,0
0,0,0,0,0,1,0
0,0,0,0,1,0,0
0,0,0,0,1,0,0
0,0,0,0,1,0,0
0,0,0,0,1,0,0
0,0,0,0,1,0,0
0,0,0,0,1,0,0
0,0,0,0,0,1,0
0,0,0,0,0,1,0
0,0,0,0,0,1,0
0,0,0,0,1,0,0
0,0,0,0,1,0,0
0,0,0,0,1,0,0
0,0,0,0,1,0,0
0,0,0,0,1,0,0
0,0,0,0,1,0,0
0,0,0,0,0,1,0
0,1,0,0,0,0,0
0,0,0,0,0,1,0
0,0,0,0,0,1,0
0,0,0,0,0,1,0
0,0,0,0,1,0,0
0,0,0,0,1,0,0
0,0,0,0,0,1,0
0,0,0,0,1,0,0
0,0,0,0,0,1,0
0,0,0,0,0,1,0
0,0,0,0,1,0,0
0,0,0,0,1,0,0
0,0,0,0,0,1,0
0,0,0,0,0,1,0
0,0,0,0,1,0,0
0,0,0,0,1,0,0
0,0,0,0,1,0,0
0,0,0,0,1,0,0
0,0,0,0,1,0,0
0,0,0,0,1,0,0
0,0,0,0,1,0,0
0,0,0,0,1,0,0
0,0,0,0,1,0,0
0,0,0,0,0,1,0
0,0,0,0,1,0,0
0,0,0,0,0,1,0
0,0,0,0,1,0,0
0,0,0,0,1,0,0
0,0,0,0,0,1,0
0,0,0,0,1,0,0
0,0,0,0,0,1,0
0,0,0,0,1,0,0
0,0,0,0,0,1,0
0,0,0,0,1,0,0
0,0,0,0,0,1,0
0,0,0,0,0,1,0
0,0,0,0,0,1,0
0,0,0,0,1,0,0
0,0,0,0,1,0,0
0,0,0,0,1,0,0
0,0,0,0,1,0,0
0,0,0,0,1,0,0
0,0,0,0,1,0,0
0,0,0,0,1,0,0
0,0,0,0,1,0,0
0,0,0,0,1,0,0
0,0,0,0,1,0,0
0,0,0,0,1,0,0
0,0,0,0,1,0,0
0,0,0,0,1,0,0
0,0,0,0,1,0,0
0,0,0,0,1,0,0
0,0,0,0,1,0,0
0,0,0,0,1,0,0
0,0,0,1,0,0,0
0,0,0,0,1,0,0
0,0,0,0,1,0,0
0,0,0,0,1,0,0
0,0,0,0,1,0,0
0,0,0,1,0,0,0
0,0,0,0,1,0,0
0,0,0,0,0,1,0
0,0,0,0,1,0,0
0,0,1,0,0,0,0
0,0,0,0,1,0,0
0,0,0,0,1,0,0
0,0,0,0,0,1,0
0,0,0,0,1,0,0
0,0,0,0,1,0,0
0,0,0,0,1,0,0
0,0,0,0,1,0,0
0,0,0,0,1,0,0
0,0,0,0,1,0,0
0,0,0,0,0,1,0
0,0,0,0,0,1,0
0,0,0,0,0,1,0
0,0,0,0,1,0,0
0,0,0,0,1,0,0
0,0,0,0,1,0,0
0,0,0,0,1,0,0
0,0,0,0,1,0,0
0,0,0,0,1,0,0
0,0,0,0,1,0,0
0,0,0,0,0,1,0
0,0,1,0,0,0,0
0,0,0,0,0,1,0
0,0,0,0,1,0,0
0,0,0,0,1,0,0
0,0,0,0,0,1,0
0,0,0,0,1,0,0
0,0,0,0,1,0,0
0,0,0,0,1,0,0
0,0,0,0,0,1,0
0,0,0,0,1,0,0
0,0,0,0,0,1,0
0,0,0,0,0,1,0
0,0,0,0,1,0,0
0,0,0,0,1,0,0
0,0,0,0,1,0,0
0,0,0,0,1,0,0
0,0,0,0,1,0,0
0,0,0,0,0,1,0
0,0,0,0,1,0,0
0,0,0,0,1,0,0
0,0,0,0,1,0,0
0,0,0,0,1,0,0
0,0,0,0,0,1,0
0,0,0,0,1,0,0
0,0,0,0,1,0,0
0,0,0,0,0,1,0
0,0,0,0,0,1,0
0,0,0,0,1,0,0
0,0,0,0,1,0,0
0,0,0,0,1,0,0
0,0,0,0,1,0,0
0,0,0,0,1,0,0
0,0,0,0,1,0,0
0,0,0,0,1,0,0
0,0,0,0,1,0,0
0,0,0,0,0,1,0
0,0,0,0,1,0,0
0,1,0,0,0,0,0
0,0,0,0,1,0,0
0,0,0,0,1,0,0
0,0,0,0,1,0,0
0,0,0,0,1,0,0
0,0,0,0,1,0,0
0,0,0,0,1,0,0
0,0,0,0,1,0,0
0,0,0,0,1,0,0
0,0,0,0,1,0,0
0,0,0,0,1,0,0
0,0,0,0,1,0,0
0,0,0,0,1,0,0
0,0,0,0,1,0,0
0,0,0,0,1,0,0
0,0,0,0,1,0,0
0,0,0,0,1,0,0
0,0,0,0,1,0,0
0,0,0,0,0,1,0
0,0,0,0,1,0,0
0,0,0,0,0,1,0
0,0,0,0,0,1,0
0,0,0,1,0,0,0
0,0,0,0,0,1,0
0,0,0,0,1,0,0
0,0,0,0,0,1,0
0,0,0,0,1,0,0
0,0,0,1,0,0,0
0,0,0,0,1,0,0
0,0,0,0,1,0,0
0,0,0,0,1,0,0
0,0,0,0,1,0,0
0,0,0,0,0,1,0
0,0,0,0,1,0,0
0,0,0,0,1,0,0
0,0,0,0,1,0,0
0,0,0,0,1,0,0
0,0,0,0,1,0,0
0,0,0,0,1,0,0
0,0,0,0,1,0,0
0,0,0,0,1,0,0
0,0,0,0,1,0,0
0,0,0,0,1,0,0
0,0,0,0,1,0,0
0,0,0,0,1,0,0
0,0,0,0,1,0,0
0,0,0,0,1,0,0
0,0,0,0,1,0,0
0,0,0,0,0,1,0
0,0,0,0,1,0,0
0,0,0,0,1,0,0
0,0,0,0,1,0,0
0,0,0,0,1,0,0
0,0,0,0,1,0,0
0,0,0,0,1,0,0
0,0,0,0,1,0,0
0,0,0,0,1,0,0
0,0,0,0,1,0,0
0,0,0,0,0,1,0
0,0,0,0,1,0,0
0,0,0,0,1,0,0
0,0,0,0,1,0,0
0,0,0,0,1,0,0
0,0,0,0,1,0,0
0,0,0,0,1,0,0
0,0,0,0,1,0,0
0,0,0,0,1,0,0
0,0,0,0,1,0,0
0,0,0,0,1,0,0
0,0,0,0,1,0,0
0,0,0,0,1,0,0
0,0,0,0,1,0,0
0,0,0,0,1,0,0
0,0,0,0,1,0,0
0,0,0,0,1,0,0
0,0,0,0,1,0,0
0,0,0,0,1,0,0
0,0,0,0,1,0,0
0,0,0,0,1,0,0
0,0,0,0,1,0,0
0,0,0,0,1,0,0
0,0,0,0,1,0,0
0,0,0,0,1,0,0
0,0,0,0,1,0,0
0,0,0,0,1,0,0
0,0,0,0,1,0,0
0,0,0,0,1,0,0
0,0,0,0,0,1,0
0,0,0,0,1,0,0
0,0,0,0,1,0,0
0,0,0,0,1,0,0
0,0,0,0,1,0,0
0,0,0,0,1,0,0
0,0,0,0,1,0,0
0,0,0,0,1,0,0
0,0,0,0,1,0,0
0,0,0,0,1,0,0
0,0,0,0,1,0,0
0,0,0,0,1,0,0
0,1,0,0,0,0,0
0,0,0,0,0,1,0
0,0,0,0,0,1,0
0,0,1,0,0,0,0
0,0,0,0,0,1,0
0,0,0,0,0,1,0
0,0,0,0,0,1,0
0,0,0,0,0,1,0
0,0,0,0,1,0,0
0,0,0,0,1,0,0
0,0,0,0,1,0,0
0,0,0,0,1,0,0
0,0,0,0,1,0,0
0,0,0,0,1,0,0
0,0,0,0,1,0,0
0,0,0,0,1,0,0
0,0,0,0,1,0,0
0,0,0,0,1,0,0
0,0,0,0,1,0,0
0,0,0,0,1,0,0
0,0,0,0,1,0,0
0,0,0,0,1,0,0
0,0,0,0,1,0,0
0,0,0,0,1,0,0
0,0,0,0,0,1,0
0,0,0,0,1,0,0
0,0,0,0,1,0,0
0,0,0,0,1,0,0
0,0,0,0,1,0,0
0,0,0,0,1,0,0
0,0,0,0,1,0,0
0,0,0,0,1,0,0
0,0,0,0,1,0,0
0,0,0,0,1,0,0
0,0,0,0,1,0,0
0,0,0,0,0,1,0
0,0,0,0,1,0,0
0,0,0,0,1,0,0
0,0,0,0,1,0,0
0,0,0,0,1,0,0
0,0,0,0,1,0,0
0,0,0,0,1,0,0
0,0,0,0,1,0,0
0,0,0,0,1,0,0
0,0,0,0,1,0,0
0,0,0,0,1,0,0
0,0,0,0,1,0,0
0,0,0,0,1,0,0
0,0,0,0,1,0,0
0,0,0,0,1,0,0
0,0,0,0,1,0,0
0,0,0,0,1,0,0
0,0,0,0,1,0,0
0,0,0,0,1,0,0
0,0,0,0,1,0,0
0,0,0,0,1,0,0
0,0,0,0,0,1,0
0,0,0,0,1,0,0
0,0,0,0,1,0,0
0,0,0,0,1,0,0
0,0,0,0,1,0,0
0,0,0,0,0,1,0
0,0,0,0,0,1,0
0,0,0,0,1,0,0
0,0,0,0,1,0,0
0,0,0,0,1,0,0
0,0,0,0,1,0,0
0,0,0,0,1,0,0
0,0,0,0,1,0,0
0,0,0,0,1,0,0
0,0,0,0,1,0,0
0,0,0,0,1,0,0
0,0,0,0,1,0,0
0,0,0,0,1,0,0
0,0,0,0,1,0,0
0,0,0,0,1,0,0
0,0,0,0,1,0,0
0,0,0,0,1,0,0
0,0,0,0,1,0,0
0,0,0,0,1,0,0
0,0,0,0,1,0,0
0,0,0,0,1,0,0
0,0,0,0,1,0,0
0,0,0,0,1,0,0
0,0,0,0,1,0,0
0,0,0,0,1,0,0
0,0,0,0,1,0,0
0,0,0,0,1,0,0
0,0,0,0,1,0,0
0,0,0,0,1,0,0
0,0,0,0,1,0,0
0,0,0,0,1,0,0
0,0,0,0,1,0,0
0,0,0,0,1,0,0
0,0,0,0,1,0,0
0,0,0,0,1,0,0
0,0,0,0,1,0,0
0,0,0,0,1,0,0
0,0,0,0,1,0,0
0,0,0,0,1,0,0
0,0,0,0,1,0,0
0,0,0,0,1,0,0
0,0,0,0,1,0,0
0,0,0,0,1,0,0
0,0,0,0,1,0,0
0,0,0,0,1,0,0
0,0,0,0,1,0,0
0,0,0,0,1,0,0
0,0,0,0,1,0,0
0,0,0,0,1,0,0
0,0,0,0,1,0,0
0,0,0,0,1,0,0
0,0,0,0,1,0,0
0,0,0,0,1,0,0
0,0,0,0,1,0,0
0,0,0,0,1,0,0
0,0,0,0,1,0,0
0,0,0,0,1,0,0
0,0,0,0,1,0,0
0,0,0,0,1,0,0
0,0,0,0,1,0,0
0,0,0,0,1,0,0
0,0,0,0,1,0,0
0,0,0,0,1,0,0
0,0,0,0,1,0,0
0,0,0,0,1,0,0
0,0,0,0,1,0,0
0,0,0,0,1,0,0
0,0,0,0,1,0,0
0,0,0,0,0,1,0
0,0,0,0,1,0,0
0,0,0,0,1,0,0
0,0,0,0,0,1,0
0,0,0,0,1,0,0
0,0,0,0,1,0,0
0,0,0,0,0,1,0
0,0,0,0,1,0,0
0,0,0,0,0,1,0
0,0,0,0,1,0,0
0,0,0,0,1,0,0
0,0,0,0,0,1,0
0,0,0,0,1,0,0
0,0,0,0,0,1,0
0,0,0,0,1,0,0
0,0,0,0,1,0,0
0,0,0,0,1,0,0
0,0,0,0,1,0,0
0,0,0,0,1,0,0
0,0,0,0,0,1,0
0,0,0,0,1,0,0
0,0,0,0,1,0,0
0,0,0,0,1,0,0
0,0,0,0,1,0,0
0,0,0,0,1,0,0
0,0,0,0,1,0,0
0,0,0,0,1,0,0
0,0,0,0,1,0,0
0,0,0,0,1,0,0
0,0,0,0,1,0,0
0,0,0,0,1,0,0
0,0,0,0,1,0,0
0,0,0,0,1,0,0
0,0,0,0,1,0,0
0,0,0,0,1,0,0
0,0,0,0,1,0,0
0,0,0,0,1,0,0
0,0,0,0,1,0,0
0,0,0,0,1,0,0
0,0,0,0,1,0,0
0,0,0,0,1,0,0
0,0,0,0,1,0,0
0,0,0,0,1,0,0
0,0,0,0,1,0,0
0,0,0,0,1,0,0
0,0,0,0,1,0,0
0,0,0,0,1,0,0
0,0,0,0,1,0,0
0,0,0,0,1,0,0
0,0,0,0,1,0,0
0,0,0,0,1,0,0
0,0,0,0,1,0,0
0,0,0,0,1,0,0
0,0,0,0,1,0,0
0,0,0,0,0,1,0
0,0,0,0,0,1,0
0,0,0,0,0,1,0
0,0,0,0,0,1,0
0,0,0,0,1,0,0
0,0,0,0,1,0,0
0,0,0,0,1,0,0
0,0,1,0,0,0,0
0,0,0,0,0,1,0
0,0,0,0,1,0,0
0,0,0,0,1,0,0
0,0,0,0,1,0,0
0,0,0,0,1,0,0
0,0,0,0,0,1,0
0,0,0,0,1,0,0
0,0,0,0,1,0,0
0,0,0,0,1,0,0
0,0,0,0,1,0,0
0,0,0,0,1,0,0
0,0,0,0,1,0,0
0,0,0,0,1,0,0
0,0,0,0,1,0,0
0,0,0,0,1,0,0
0,0,0,0,0,1,0
0,0,0,0,1,0,0
0,0,0,0,0,1,0
0,0,0,0,1,0,0
0,0,0,0,1,0,0
0,0,0,0,1,0,0
0,0,0,0,1,0,0
0,0,0,0,1,0,0
0,0,0,0,1,0,0
0,0,0,0,1,0,0
0,0,0,0,1,0,0
0,0,0,0,1,0,0
0,0,0,0,1,0,0
0,0,0,0,1,0,0
0,0,0,0,1,0,0
0,0,0,0,1,0,0
0,0,0,0,1,0,0
0,0,0,0,1,0,0
0,0,0,0,1,0,0
0,0,0,0,1,0,0
0,0,0,0,1,0,0
0,0,0,0,1,0,0
0,0,0,0,1,0,0
0,0,0,0,1,0,0
0,0,0,0,1,0,0
0,0,0,0,1,0,0
0,0,0,0,1,0,0
0,0,0,0,1,0,0
0,0,0,0,1,0,0
0,0,0,0,0,1,0
0,0,0,0,1,0,0
0,0,0,0,1,0,0
0,0,0,0,1,0,0
0,0,0,0,1,0,0
0,0,0,0,1,0,0
0,0,0,0,1,0,0
0,0,0,0,1,0,0
0,0,0,0,1,0,0
0,0,0,0,0,1,0
0,0,0,0,0,1,0
0,0,0,0,1,0,0
0,0,0,0,1,0,0
0,0,0,0,1,0,0
0,0,0,0,1,0,0
0,0,0,0,1,0,0
0,0,0,0,1,0,0
0,0,0,1,0,0,0
0,0,0,0,1,0,0
0,0,0,0,1,0,0
0,0,0,0,0,1,0
0,0,0,0,0,1,0
0,0,0,0,0,1,0
0,0,0,1,0,0,0
0,0,0,0,0,1,0
0,0,0,0,0,1,0
0,0,0,0,0,1,0
0,0,0,0,0,1,0
0,0,0,0,0,1,0
0,0,0,0,1,0,0
0,0,0,0,1,0,0
0,0,0,0,1,0,0
0,0,0,0,1,0,0
0,0,0,0,1,0,0
0,0,0,0,1,0,0
0,0,0,0,1,0,0
0,0,0,0,1,0,0
0,0,0,0,1,0,0
0,0,0,0,1,0,0
0,0,0,0,1,0,0
0,0,0,1,0,0,0
0,0,0,1,0,0,0
0,0,0,0,0,1,0
0,0,0,1,0,0,0
0,0,0,0,0,1,0
0,0,0,0,1,0,0
0,0,0,0,1,0,0
0,0,0,0,1,0,0
0,0,0,0,1,0,0
0,0,0,0,1,0,0
0,0,0,1,0,0,0
0,0,0,0,1,0,0
0,0,0,0,1,0,0
0,0,0,0,1,0,0
0,0,0,0,0,1,0
0,0,0,0,1,0,0
0,0,0,0,1,0,0
0,0,0,0,1,0,0
0,0,0,0,1,0,0
0,0,0,0,1,0,0
0,0,0,0,1,0,0
0,0,0,0,1,0,0
0,0,0,0,1,0,0
0,0,0,0,0,1,0
0,0,0,0,1,0,0
0,0,0,0,1,0,0
0,0,0,0,1,0,0
0,0,0,0,1,0,0
0,0,0,0,0,1,0
0,0,1,0,0,0,0
0,0,0,0,1,0,0
0,0,0,0,1,0,0
0,0,0,0,1,0,0
0,0,1,0,0,0,0
0,0,0,0,0,1,0
0,0,0,0,1,0,0
0,0,0,0,1,0,0
0,0,0,0,1,0,0
0,0,0,0,1,0,0
0,0,0,0,1,0,0
0,0,0,0,1,0,0
0,0,0,0,1,0,0
0,0,0,0,1,0,0
0,0,0,0,1,0,0
0,0,0,0,1,0,0
0,0,0,0,1,0,0
0,0,0,0,1,0,0
0,0,0,0,1,0,0
0,0,0,0,1,0,0
0,0,0,0,1,0,0
0,0,0,0,1,0,0
0,0,0,0,1,0,0
0,0,0,0,1,0,0
0,0,0,0,1,0,0
0,0,0,0,1,0,0
0,0,0,0,1,0,0
0,0,0,0,1,0,0
0,0,0,0,1,0,0
0,0,0,0,1,0,0
0,0,0,0,1,0,0
0,0,0,0,1,0,0
0,0,0,0,1,0,0
0,0,0,0,0,1,0
0,0,0,0,1,0,0
0,0,0,0,0,1,0
0,0,0,0,1,0,0
0,0,0,0,1,0,0
0,0,0,0,1,0,0
0,0,0,0,1,0,0
0,0,0,0,1,0,0
0,0,0,0,1,0,0
0,0,0,0,1,0,0
0,0,0,0,1,0,0
0,0,0,0,1,0,0
0,0,0,0,1,0,0
0,0,1,0,0,0,0
0,0,0,0,1,0,0
0,0,0,0,1,0,0
0,0,0,0,1,0,0
0,0,0,0,1,0,0
0,0,0,0,1,0,0
0,0,1,0,0,0,0
0,0,0,0,0,1,0
0,0,0,0,1,0,0
0,0,0,0,1,0,0
0,0,0,0,1,0,0
0,0,0,0,1,0,0
0,0,0,0,1,0,0
0,0,0,0,1,0,0
0,0,0,0,1,0,0
0,0,0,0,1,0,0
0,0,0,0,1,0,0
0,0,0,0,1,0,0
0,0,0,0,1,0,0
0,0,0,0,1,0,0
0,0,0,0,1,0,0
0,0,0,0,1,0,0
0,0,0,0,1,0,0
0,0,0,0,1,0,0
0,0,0,0,1,0,0
0,0,0,0,1,0,0
0,0,0,0,1,0,0
0,0,0,0,1,0,0
0,0,0,0,1,0,0
0,0,0,0,1,0,0
0,0,0,0,1,0,0
0,0,0,0,1,0,0
0,0,0,0,1,0,0
0,0,0,0,1,0,0
0,0,0,0,0,1,0
0,0,0,0,1,0,0
0,0,0,0,1,0,0
0,0,0,0,1,0,0
0,0,0,0,1,0,0
0,0,0,0,1,0,0
0,0,0,0,1,0,0
0,0,0,0,1,0,0
0,0,0,0,1,0,0
0,0,0,0,1,0,0
0,0,0,0,1,0,0
0,0,0,0,1,0,0
0,0,0,0,0,1,0
0,0,0,0,0,1,0
0,0,0,0,1,0,0
0,0,0,0,1,0,0
0,0,0,0,1,0,0
0,0,0,0,1,0,0
0,0,0,0,1,0,0
0,0,0,0,1,0,0
1,0,0,0,0,0,0
0,0,0,0,1,0,0
0,0,0,0,1,0,0
1,0,0,0,0,0,0
1,0,0,0,0,0,0
1,0,0,0,0,0,0
0,0,0,0,1,0,0
0,0,0,0,1,0,0
0,0,0,0,1,0,0
0,0,0,0,1,0,0
0,0,0,0,1,0,0
0,0,0,0,1,0,0
0,0,0,0,1,0,0
0,0,0,0,1,0,0
0,0,0,0,0,1,0
0,0,0,0,1,0,0
0,0,0,0,0,1,0
0,0,0,0,1,0,0
0,0,0,0,1,0,0
0,0,0,0,1,0,0
0,0,0,0,1,0,0
0,0,0,0,1,0,0
0,0,0,0,1,0,0
0,0,0,0,1,0,0
0,0,0,0,0,1,0
0,0,0,0,0,1,0
0,0,0,0,0,1,0
0,0,0,0,0,1,0
0,0,0,0,0,1,0
0,0,0,0,0,1,0
0,0,0,0,0,1,0
0,0,0,0,0,1,0
0,0,0,0,0,1,0
0,0,0,0,0,1,0
0,0,0,0,1,0,0
0,0,0,0,1,0,0
0,0,0,0,1,0,0
0,0,0,0,1,0,0
0,0,0,0,1,0,0
0,0,0,0,1,0,0
0,0,0,0,1,0,0
0,0,0,0,1,0,0
0,0,0,0,1,0,0
0,0,0,0,0,1,0
0,0,0,0,1,0,0
0,0,0,0,1,0,0
0,0,0,0,1,0,0
0,0,0,0,0,1,0
0,0,0,0,0,1,0
0,0,0,0,0,1,0
0,0,0,0,1,0,0
0,0,0,0,1,0,0
0,0,0,0,1,0,0
0,0,0,0,0,1,0
0,0,0,0,1,0,0
0,0,0,0,1,0,0
0,0,0,0,1,0,0
0,0,0,0,1,0,0
0,0,0,0,1,0,0
0,0,0,0,1,0,0
0,0,0,0,1,0,0
0,0,0,0,1,0,0
0,0,0,0,1,0,0
0,0,0,0,1,0,0
0,0,0,0,1,0,0
0,0,0,0,1,0,0
0,0,0,0,1,0,0
0,0,0,0,1,0,0
0,0,0,0,1,0,0
0,0,0,0,1,0,0
0,0,0,0,1,0,0
0,0,0,0,1,0,0
0,0,0,0,1,0,0
0,0,0,0,1,0,0
0,0,0,0,0,1,0
0,0,0,0,1,0,0
0,0,0,0,1,0,0
0,0,0,0,1,0,0
0,0,0,0,0,1,0
0,0,0,0,0,1,0
0,0,0,0,0,1,0
0,0,0,0,1,0,0
0,0,0,0,1,0,0
0,0,0,0,1,0,0
0,0,0,0,1,0,0
0,0,0,0,1,0,0
0,0,0,0,1,0,0
0,0,0,0,1,0,0
0,0,0,0,1,0,0
0,0,0,0,1,0,0
0,0,0,0,1,0,0
0,0,0,0,0,1,0
0,0,0,0,1,0,0
0,0,0,0,1,0,0
0,0,0,0,1,0,0
0,0,0,0,1,0,0
0,0,0,0,0,1,0
0,0,0,0,1,0,0
0,0,0,0,1,0,0
0,0,0,0,0,1,0
0,0,0,0,1,0,0
0,0,0,0,1,0,0
0,0,0,0,1,0,0
0,0,0,0,1,0,0
0,0,0,0,0,1,0
0,0,0,0,1,0,0
0,0,0,0,1,0,0
0,0,0,0,1,0,0
0,0,0,0,1,0,0
0,0,0,0,1,0,0
0,0,0,0,1,0,0
0,0,0,0,1,0,0
0,0,0,0,1,0,0
0,0,0,0,1,0,0
0,0,0,0,1,0,0
0,0,0,0,1,0,0
0,0,0,0,1,0,0
0,0,0,0,1,0,0
0,0,0,0,1,0,0
0,0,0,0,1,0,0
0,0,0,0,1,0,0
0,0,0,0,0,1,0
0,0,0,0,1,0,0
0,0,0,0,0,1,0
0,0,0,0,1,0,0
0,0,0,0,1,0,0
0,0,0,0,1,0,0
0,0,0,0,1,0,0
0,0,0,0,0,1,0
0,0,0,0,1,0,0
0,0,0,0,1,0,0
0,0,0,0,0,1,0
0,0,0,0,1,0,0
0,0,0,0,1,0,0
0,0,0,0,0,1,0
0,0,0,0,0,1,0
0,0,0,0,0,1,0
0,0,0,0,1,0,0
0,0,0,0,0,1,0
0,0,0,0,1,0,0
0,0,0,0,1,0,0
0,0,0,0,1,0,0
0,0,0,0,1,0,0
0,0,0,0,1,0,0
0,0,0,0,1,0,0
0,0,0,0,1,0,0
0,0,0,0,1,0,0
0,0,0,0,1,0,0
0,0,0,0,1,0,0
0,0,0,0,1,0,0
0,0,0,0,1,0,0
0,0,0,0,1,0,0
0,0,0,0,1,0,0
0,0,0,0,1,0,0
0,0,0,0,1,0,0
0,0,0,0,0,1,0
0,0,0,0,1,0,0
0,0,0,0,1,0,0
0,0,0,0,1,0,0
0,0,0,0,1,0,0
0,0,0,0,1,0,0
0,0,0,0,1,0,0
0,0,0,0,1,0,0
0,0,0,0,1,0,0
0,0,0,0,1,0,0
0,0,0,0,1,0,0
0,0,0,0,1,0,0
0,0,0,0,1,0,0
0,0,0,0,1,0,0
0,0,0,0,1,0,0
0,0,0,0,1,0,0
0,0,0,0,1,0,0
0,0,0,0,0,1,0
0,0,0,0,0,1,0
0,0,0,0,1,0,0
0,0,0,0,1,0,0
0,0,0,0,1,0,0
0,0,0,0,1,0,0
0,0,0,0,1,0,0
0,0,0,0,1,0,0
0,0,0,0,1,0,0
0,0,0,0,1,0,0
0,0,0,0,1,0,0
0,0,0,0,1,0,0
0,0,0,0,1,0,0
0,0,0,0,1,0,0
0,0,0,0,1,0,0
0,0,0,0,1,0,0
0,0,0,0,1,0,0
0,0,0,0,1,0,0
0,0,0,0,1,0,0
0,0,0,0,1,0,0
0,0,0,0,0,1,0
0,0,0,0,0,1,0
0,0,0,0,1,0,0
0,0,0,0,1,0,0
0,0,0,0,1,0,0
0,0,0,0,1,0,0
0,0,0,0,0,1,0
0,0,0,0,0,1,0
0,0,0,0,0,1,0
0,0,0,0,0,1,0
0,0,0,0,0,1,0
0,0,0,0,0,1,0
0,0,0,0,0,1,0
0,0,0,0,1,0,0
0,0,0,0,1,0,0
0,0,0,0,1,0,0
0,0,0,0,1,0,0
0,0,0,0,1,0,0
0,0,0,0,1,0,0
0,0,0,0,1,0,0
0,0,0,0,1,0,0
0,0,1,0,0,0,0
0,0,0,0,1,0,0
0,0,0,0,1,0,0
0,0,0,0,1,0,0
0,0,0,0,0,1,0
0,0,0,0,1,0,0
0,0,0,0,1,0,0
0,0,0,0,1,0,0
0,0,0,0,0,1,0
0,0,0,0,0,1,0
0,0,0,0,1,0,0
0,0,0,0,1,0,0
0,0,0,0,1,0,0
0,0,0,0,0,1,0
0,0,0,0,0,1,0
0,0,0,0,0,1,0
0,0,0,0,0,1,0
0,0,0,0,1,0,0
0,0,0,0,1,0,0
0,0,0,0,1,0,0
0,0,0,0,0,1,0
0,0,0,0,1,0,0
0,0,0,0,1,0,0
0,0,0,0,1,0,0
0,0,0,0,1,0,0
0,0,0,0,0,1,0
0,0,0,0,0,1,0
1,0,0,0,0,0,0
0,0,0,0,0,1,0
0,0,0,0,1,0,0
0,0,0,0,1,0,0
0,0,0,0,1,0,0
1,0,0,0,0,0,0
1,0,0,0,0,0,0
0,0,0,0,0,1,0
0,0,0,0,0,1,0
0,0,0,0,0,1,0
0,0,0,0,0,1,0
0,0,0,0,1,0,0
0,0,0,0,0,0,1
0,0,0,0,0,0,1
0,0,0,0,1,0,0
0,0,0,0,1,0,0
0,0,0,0,1,0,0
0,0,0,0,1,0,0
0,0,0,0,0,1,0
0,0,0,0,1,0,0
0,0,0,0,1,0,0
0,0,1,0,0,0,0
0,0,0,0,1,0,0
0,0,0,0,1,0,0
0,0,0,0,1,0,0
0,0,0,0,1,0,0
0,0,0,0,1,0,0
0,0,0,0,1,0,0
0,0,1,0,0,0,0
0,0,0,0,1,0,0
0,0,0,0,1,0,0
0,0,0,0,1,0,0
0,0,0,0,1,0,0
0,0,0,0,1,0,0
0,0,0,0,1,0,0
0,0,0,0,1,0,0
0,0,0,0,1,0,0
0,0,0,0,1,0,0
0,0,0,0,1,0,0
0,0,0,0,1,0,0
0,0,0,0,1,0,0
0,0,0,0,1,0,0
0,0,0,0,1,0,0
0,0,0,0,1,0,0
0,0,0,0,1,0,0
0,0,0,0,1,0,0
0,0,0,0,0,0,1
0,0,0,0,0,0,1
0,0,0,0,1,0,0
0,0,0,0,1,0,0
0,0,0,0,1,0,0
0,0,0,0,1,0,0
0,0,0,0,1,0,0
0,0,0,0,1,0,0
0,0,0,0,1,0,0
0,0,0,0,1,0,0
0,0,0,0,1,0,0
0,0,0,0,1,0,0
0,0,0,0,1,0,0
0,0,0,0,1,0,0
0,0,0,0,1,0,0
0,0,0,0,1,0,0
0,0,0,0,1,0,0
0,0,0,0,1,0,0
0,0,0,0,1,0,0
0,0,0,0,1,0,0
0,0,1,0,0,0,0
0,0,0,0,0,1,0
0,0,0,0,0,1,0
0,0,0,0,0,1,0
